{
  "analysis_info": {
    "total_models": 11,
    "best_model": "VotingRegressor",
    "best_r2_score": 0.8447422473266152,
    "best_rmse": 1.571272474368546
  },
  "model_performance_summary": [
    {
      "best_cv_score": null,
      "test_mae": null,
      "test_r2": null,
      "test_rmse": null,
      "test_mape": null,
      "max_error": null,
      "Test_R2": 0.8447422473266152,
      "Test_RMSE": 1.571272474368546,
      "Test_MAE": 0.9060824086901201,
      "model": "VotingRegressor",
      "rank": 1
    },
    {
      "best_cv_score": null,
      "test_mae": null,
      "test_r2": null,
      "test_rmse": null,
      "test_mape": null,
      "max_error": null,
      "Test_R2": 0.8348409893697932,
      "Test_RMSE": 1.6206005841457964,
      "Test_MAE": 0.9187876863724644,
      "model": "StackedEnsemble",
      "rank": 2
    },
    {
      "best_cv_score": 0.8392976624505364,
      "test_mae": 1.0417906809578081,
      "test_r2": 0.8284113425988118,
      "test_rmse": 1.6518444285507372,
      "test_mape": 11.903721480204975,
      "max_error": 8.978217494857612,
      "Test_R2": null,
      "Test_RMSE": null,
      "Test_MAE": null,
      "model": "LinearRegression",
      "rank": 3
    },
    {
      "best_cv_score": 0.8455207092965701,
      "test_mae": 1.019511295163441,
      "test_r2": 0.8305666236116658,
      "test_rmse": 1.6414374488293193,
      "test_mape": 11.602803370674204,
      "max_error": 8.891419977303196,
      "Test_R2": null,
      "Test_RMSE": null,
      "Test_MAE": null,
      "model": "Ridge",
      "rank": 4
    },
    {
      "best_cv_score": 0.8478561949459552,
      "test_mae": 1.0043588211646812,
      "test_r2": 0.831918657666214,
      "test_rmse": 1.634875210482677,
      "test_mape": 11.382703921175475,
      "max_error": 8.867884245686811,
      "Test_R2": null,
      "Test_RMSE": null,
      "Test_MAE": null,
      "model": "Lasso",
      "rank": 5
    },
    {
      "best_cv_score": 0.8475200085602431,
      "test_mae": 1.0072589660836782,
      "test_r2": 0.8313279971389707,
      "test_rmse": 1.6377452773388737,
      "test_mape": 11.418742495079668,
      "max_error": 8.865425800851469,
      "Test_R2": null,
      "Test_RMSE": null,
      "Test_MAE": null,
      "model": "ElasticNet",
      "rank": 6
    },
    {
      "best_cv_score": 0.8407547020346113,
      "test_mae": 0.913622775638008,
      "test_r2": 0.8277725995983715,
      "test_rmse": 1.6549160883945768,
      "test_mape": 11.524086174528728,
      "max_error": 9.96923076923077,
      "Test_R2": null,
      "Test_RMSE": null,
      "Test_MAE": null,
      "model": "DecisionTree",
      "rank": 7
    },
    {
      "best_cv_score": 0.8475702535277518,
      "test_mae": 0.9321003466270016,
      "test_r2": 0.8353263442191111,
      "test_rmse": 1.6182175925273663,
      "test_mape": 11.81942688313243,
      "max_error": 10.110250965503571,
      "Test_R2": null,
      "Test_RMSE": null,
      "Test_MAE": null,
      "model": "RandomForest",
      "rank": 8
    },
    {
      "best_cv_score": 0.8630059820933411,
      "test_mae": 0.9017083109336941,
      "test_r2": 0.8476961267689611,
      "test_rmse": 1.5562534557086836,
      "test_mape": 11.242416775725129,
      "max_error": 9.175624125869392,
      "Test_R2": null,
      "Test_RMSE": null,
      "Test_MAE": null,
      "model": "GradientBoosting",
      "rank": 9
    },
    {
      "best_cv_score": 0.8349563534711533,
      "test_mae": 1.1203468575110453,
      "test_r2": 0.7870625613839866,
      "test_rmse": 1.8401400074932284,
      "test_mape": 13.460212165405485,
      "max_error": 11.062068965517241,
      "Test_R2": null,
      "Test_RMSE": null,
      "Test_MAE": null,
      "model": "AdaBoost",
      "rank": 10
    },
    {
      "best_cv_score": 0.837265920896963,
      "test_mae": 0.9585506851475799,
      "test_r2": 0.8072931092651092,
      "test_rmse": 1.7505457964714661,
      "test_mape": 10.74667158975752,
      "max_error": 10.09986336320436,
      "Test_R2": null,
      "Test_RMSE": null,
      "Test_MAE": null,
      "model": "SVR",
      "rank": 11
    },
    {
      "best_cv_score": 0.6826701689760845,
      "test_mae": 1.508872471210359,
      "test_r2": 0.6450162002096155,
      "test_rmse": 2.3759052748090506,
      "test_mape": 16.006223535304844,
      "max_error": 11.958820859342573,
      "Test_R2": null,
      "Test_RMSE": null,
      "Test_MAE": null,
      "model": "KNN",
      "rank": 12
    },
    {
      "best_cv_score": 0.8323423019580772,
      "test_mae": 1.0630619052933665,
      "test_r2": 0.8259391864227783,
      "test_rmse": 1.6637013130457845,
      "test_mape": 12.361797400853467,
      "max_error": 9.43521144829365,
      "Test_R2": null,
      "Test_RMSE": null,
      "Test_MAE": null,
      "model": "MLP",
      "rank": 13
    },
    {
      "best_cv_score": null,
      "test_mae": null,
      "test_r2": null,
      "test_rmse": null,
      "test_mape": null,
      "max_error": null,
      "Test_R2": null,
      "Test_RMSE": null,
      "Test_MAE": null,
      "model": "WeightedEnsemble",
      "rank": 14
    }
  ],
  "detailed_results": {
    "LinearRegression": {
      "best_params": {
        "fit_intercept": true
      },
      "best_cv_score": 0.8392976624505364,
      "test_mse": 2.728590016134112,
      "test_mae": 1.0417906809578081,
      "test_r2": 0.8284113425988118,
      "test_rmse": 1.6518444285507372,
      "test_mape": 11.903721480204975,
      "max_error": 8.978217494857612,
      "predictions": [
        9.314245280841089,
        12.589714658160991,
        11.167901513769117,
        18.248529683531512,
        5.204170775588666,
        16.067407529420308,
        15.275215777240584,
        11.955832846549534,
        16.49460253164866,
        9.559689084683296,
        12.875345497199707,
        8.120456798290943,
        14.693210378969983,
        8.869764801440263,
        11.034355607446026,
        15.007911055872245,
        13.823156087382223,
        8.78855961576578,
        10.172964619957478,
        8.988725175227378,
        8.93226425852913,
        13.006773395988413,
        15.077217633360785,
        6.492497140904673,
        11.052087101626233,
        10.183492284654795,
        17.466898739848038,
        7.775824673479864,
        5.693930168493191,
        9.590095670136803,
        14.303108696000903,
        12.941036121322485,
        10.616635888483238,
        8.986871875715368,
        12.255746409113913,
        10.10218745275981,
        13.385622795849077,
        13.125220060134035,
        14.40391940267362,
        12.870749071727502,
        14.351473770524414,
        8.497052190502357,
        13.362609295437046,
        8.503503502108828,
        8.679926264162063,
        18.32227620898906,
        12.981368950202281,
        2.015573211680664,
        7.49103206292167,
        8.3920547709907,
        7.937457810404957,
        12.222643641915715,
        13.242525353598102,
        -1.2726581694262364,
        12.572982076296396,
        11.864165280358133,
        10.521777061023641,
        10.113224541582124,
        11.574742591572319,
        11.378872426698834,
        14.543598799483274,
        8.809753173424046,
        14.484336809334582,
        13.126475898844422,
        5.609034114757705,
        10.854814199486785,
        2.277704732567976,
        8.358596357961295,
        13.486750687902973,
        12.131913781449782,
        8.491421034566168,
        16.389919049365403,
        14.895175936602088,
        13.607891095960355,
        15.43904912996267,
        8.904362797514692,
        9.673568814974887,
        13.126290416367386,
        14.264361402860999,
        7.379226656011715,
        13.640106171618024,
        10.959669425798687,
        8.627651824043602,
        11.897898725320722,
        9.79682643041182,
        12.452723683249452,
        12.22575631762159,
        17.414176182268342,
        9.41810552153692,
        14.327616275741693,
        9.662905679915548,
        7.569677271600764,
        9.519786411898455,
        12.527101113402606,
        8.573535010821825,
        9.426889580544904,
        9.603060276943273,
        9.775556599852854,
        11.709993208660585,
        6.242524243005775,
        14.064263605289904,
        12.88620530683742,
        16.218096524571123,
        14.23075919186686,
        11.11040359776337,
        11.706486532762787,
        7.447919660304829,
        7.9212533804812395,
        13.212301979474185,
        13.751346247950686,
        9.256055711561723,
        15.63280392159166,
        13.699959110553666,
        9.520539072524741,
        13.899251841976724,
        17.000998526048384,
        13.487406678487133,
        13.914235017624263,
        9.720516902675076,
        11.934602345540666,
        9.44659658067656,
        11.486855152523106,
        8.944646563152286,
        10.55787982024161,
        12.664639828194261,
        8.762303483638622,
        15.994808005299339,
        18.40892322150033,
        10.073058816106961,
        13.153485750540625,
        11.511073981718683,
        8.957504948970936,
        -1.6374770928625821,
        16.583218739461515,
        9.894971176387836,
        8.393191901162536,
        16.50177654121638,
        15.752067944599494,
        12.804645386949106,
        12.871902902203987,
        14.352545240801842,
        14.997934524667166,
        16.600163014360717,
        14.308164444806962,
        12.29592435904122,
        10.642867000428673,
        13.405531909152998,
        14.488378537830998,
        7.276426488925201,
        12.748089688648587,
        10.90365438122272,
        10.311486738321566,
        13.34453134735625,
        9.623607606550918,
        14.935955745617822,
        18.167841061349932,
        13.696375806242798,
        10.216974300003788,
        14.922136457335789,
        14.462274582856256,
        12.823244770392204,
        13.085220175569,
        9.978217494857612,
        13.301974117302976,
        12.233132733990205,
        11.884072057200857,
        13.242442121908827,
        9.223364809549187,
        8.3623450796654,
        17.688836814862793,
        8.80243890017703,
        -1.6519981850951364,
        13.49880429395453,
        12.211882167419326,
        9.820925972492102,
        18.82573894314737,
        11.941820949545525,
        16.21784325967861,
        14.134932850124738,
        4.546309848196479,
        13.575588683976386,
        10.054258951028755,
        11.769729202833329,
        10.103812058745488,
        8.750572856579511,
        10.395767340151107,
        8.179635146965234,
        11.829333088108823,
        11.34585726551099,
        16.32025709037267,
        13.880116538119708,
        10.424414068717015,
        11.12649098153567,
        12.92455400019124,
        12.194341513356628,
        16.68408544098638,
        8.964475549335848,
        7.130696207640707,
        8.505127703256006,
        -0.10923947469973427,
        9.876881130211252,
        4.887222125158124,
        16.938944543828352,
        5.811573168810439,
        9.666701503391705,
        11.471253756037411,
        4.3605049149823705,
        11.016012944131623,
        12.677868011293619
      ]
    },
    "Ridge": {
      "best_params": {
        "solver": "svd",
        "alpha": 10
      },
      "best_cv_score": 0.8455207092965701,
      "test_mse": 2.6943168984193044,
      "test_mae": 1.019511295163441,
      "test_r2": 0.8305666236116658,
      "test_rmse": 1.6414374488293193,
      "test_mape": 11.602803370674204,
      "max_error": 8.891419977303196,
      "predictions": [
        9.34940358430101,
        12.61248884005168,
        11.181643456411827,
        18.518909624921626,
        5.425254036873227,
        16.040664751324442,
        15.12659146973239,
        11.863121119636444,
        16.646883149333526,
        9.542156535080803,
        12.684004313024328,
        8.806285311427947,
        14.483652635900327,
        8.775602468022196,
        10.968904350670664,
        14.926247766606162,
        13.733498036756195,
        8.525703515624148,
        10.15364488575707,
        9.041388081486163,
        8.859688837827496,
        13.029381285507082,
        15.210160117376365,
        6.695120209025493,
        10.868662273824496,
        10.195591644891758,
        17.79280801403067,
        7.996015409189036,
        5.651994963847055,
        9.548825767700183,
        14.384001808281889,
        12.796695436815483,
        10.701323256771241,
        8.862226038917196,
        12.05555013017719,
        9.958697006341247,
        13.369009994798926,
        13.24781550281677,
        14.392120713699452,
        12.685851509466534,
        14.339097710722438,
        8.459221078287335,
        13.555476479976823,
        8.552463413944025,
        8.676697567466679,
        18.56127083240303,
        13.028192397813957,
        2.306617905332315,
        7.661589094333805,
        8.467592205874208,
        7.67592476314595,
        12.161883583521545,
        13.247990880902307,
        -0.9057608542975313,
        12.366979513188955,
        11.651018779482722,
        10.102499862459288,
        10.067907509577168,
        11.685651106608848,
        11.612983455859181,
        14.433109705633587,
        8.852247314443147,
        14.259256260977605,
        12.825356485754165,
        5.8250339068953965,
        10.834804722988247,
        2.6730131862856723,
        8.67750389710248,
        13.558042895163265,
        12.050647645818087,
        8.52368150835144,
        16.36903375347534,
        14.881408243911228,
        13.512912499645015,
        15.207089664247498,
        8.968709191201516,
        9.282375952368795,
        12.987968911122898,
        14.22000724759954,
        7.458878510794743,
        13.61059571100553,
        11.086464968677452,
        8.30795662007737,
        10.577175816479967,
        9.930468928151111,
        12.364305690090971,
        12.148814129918952,
        17.34988033453832,
        9.658307169628877,
        14.241301846606424,
        9.802978842590706,
        7.629411731547305,
        9.47848878034739,
        12.368219858593429,
        8.60771847404954,
        9.650180739443803,
        9.68172590538379,
        9.598557647512225,
        11.58196688395824,
        6.447942845517596,
        14.225865819405463,
        12.812137220975869,
        15.989997006067535,
        14.202038264720255,
        11.050492464220518,
        11.49480900022629,
        7.592365930163846,
        7.868026664563612,
        13.236529654229939,
        13.63304637654249,
        9.226526692057895,
        15.620522956763772,
        14.230163362193162,
        9.629380649424556,
        13.796832486492988,
        16.914455459571723,
        13.530474313157608,
        13.468621553591465,
        9.566501731426094,
        11.843601172248485,
        9.036988290493634,
        11.516584242575595,
        9.052647837344416,
        10.564118882914336,
        12.492486570509897,
        8.786744113425225,
        15.8346537981109,
        18.66118480929631,
        9.952904557695932,
        13.186938858433013,
        11.385535188886193,
        8.627935007722115,
        -0.8248881720745338,
        16.530880926046606,
        9.86142296000273,
        8.43750404358553,
        16.168813721672176,
        15.713385721057367,
        12.704355390867246,
        12.875626623291012,
        14.177566264896479,
        14.993496534381858,
        16.84229442239844,
        14.046120203561802,
        12.177498035461323,
        10.46141558663455,
        13.602826883850563,
        14.361309277120004,
        7.280374233689287,
        12.622352225627514,
        10.801100768516948,
        10.2657712239357,
        13.1994583920519,
        9.624248682444819,
        14.80479890634172,
        18.402645392925194,
        13.62553576685847,
        10.223456018842967,
        15.068811413396308,
        14.442001089179648,
        12.748053898930642,
        13.078102229417864,
        9.891419977303196,
        13.146667327517047,
        11.927668717764314,
        11.76376376473407,
        13.10780701104114,
        8.860504030020083,
        8.38116010169361,
        17.901737682059853,
        8.765833726071035,
        -1.459727977239286,
        13.568803726269408,
        12.147978359511026,
        9.82379028509525,
        18.93294110433018,
        11.915465580893287,
        16.33258125279597,
        13.965947812585298,
        5.019196440965723,
        13.471592173477053,
        10.116167892156541,
        11.67479204363445,
        10.06669049375702,
        8.598945088547335,
        10.13548099008367,
        8.407184756795981,
        11.83200901806567,
        11.326086993122303,
        16.250287103604617,
        13.947517200497995,
        10.310434901169698,
        11.313993978630528,
        12.86854779781861,
        11.94744734378765,
        16.840810023853958,
        9.002479233699987,
        6.97625408085026,
        8.848129501363422,
        -0.30536082145493815,
        9.853420413599448,
        5.11877443074275,
        17.00081952159635,
        5.842627636006197,
        9.802380456636527,
        11.34840843484338,
        4.65773493735964,
        11.0404980594874,
        12.529932199806359
      ]
    },
    "Lasso": {
      "best_params": {
        "max_iter": 1000,
        "alpha": 0.01
      },
      "best_cv_score": 0.8478561949459552,
      "test_mse": 2.672816953850777,
      "test_mae": 1.0043588211646812,
      "test_r2": 0.831918657666214,
      "test_rmse": 1.634875210482677,
      "test_mape": 11.382703921175475,
      "max_error": 8.867884245686811,
      "predictions": [
        9.341023969848209,
        12.6185667899401,
        11.067384264134358,
        18.46877076268888,
        5.453508790721221,
        16.102558116965625,
        15.197341581412168,
        11.783408844938394,
        16.613458489356173,
        9.439818619483614,
        12.717050360329011,
        8.72873031548361,
        14.537856892771677,
        8.526796007866242,
        10.844983717533296,
        14.946760466062917,
        13.786074139842176,
        8.739197019812563,
        10.030907266030969,
        9.20398523859335,
        8.800485238795938,
        13.070867337492153,
        15.244623874793879,
        6.729111725784037,
        10.813392473363562,
        10.100379324777503,
        17.829706571322106,
        7.837589311769995,
        5.662334088583267,
        9.379232689056982,
        14.404756528619252,
        12.840040166499763,
        10.796266303669096,
        8.811467535650813,
        12.169891007560699,
        9.90475836441844,
        13.37606855370967,
        13.149306127237242,
        14.447046314578866,
        12.638599975365462,
        14.40020833986656,
        8.28110481243007,
        13.797446494865905,
        8.489033014146617,
        8.70852247560484,
        18.519259840888143,
        13.025418366826695,
        2.4812993543587574,
        7.709185771756382,
        8.43814067749241,
        7.7210171494558,
        12.06767275995913,
        13.080322131098267,
        -0.6696259900794814,
        12.277083875831531,
        11.483785934224727,
        10.07642229539198,
        10.02852288210234,
        11.584822903321921,
        11.660562668986067,
        14.530203633398711,
        8.867884245686811,
        14.252296550196492,
        12.889863521470218,
        5.865242803958771,
        10.819021110779069,
        3.081064268988573,
        8.783370765404076,
        13.648510686212076,
        12.125771526396653,
        8.481187930309694,
        16.466935801479927,
        14.883400319756543,
        13.348938246007203,
        15.053182654282427,
        8.980661167851432,
        9.145851772624948,
        12.945548814476862,
        14.29693207966197,
        7.615949173663013,
        13.800563620267873,
        11.047843131865204,
        8.420243392402776,
        10.697141113359244,
        9.996131570645758,
        12.391780085042702,
        12.034738357679498,
        17.408681509973317,
        9.677827386123104,
        14.160253433811693,
        9.958379087226275,
        7.578450149042858,
        9.607525351436179,
        12.355458077351788,
        8.53088330847509,
        9.887465010420913,
        9.698763590355206,
        9.535999732729001,
        11.536416288392193,
        6.476374299823496,
        14.348817699977634,
        12.742239383906089,
        15.726041504206231,
        14.126739451042923,
        11.048164240441114,
        11.35255965039349,
        7.693028637243733,
        7.7309479616794645,
        13.212943757158193,
        13.844171688746458,
        9.133472691225005,
        15.720047923317296,
        14.441814802660893,
        9.717924395547126,
        13.876244416314778,
        16.866517448107185,
        13.477614572021725,
        13.381654349700508,
        9.680961681986595,
        11.805514605683744,
        8.926695566582378,
        11.489391072013447,
        9.15168660910072,
        10.516553755249928,
        12.301507726564651,
        8.789120829558987,
        15.686408082363425,
        18.493859947963827,
        9.835027554114562,
        12.980104380069456,
        11.263312048536783,
        8.37833505412718,
        -0.9181737720546188,
        16.823879510366467,
        9.839411537244343,
        8.435179221973367,
        16.29437509708882,
        15.60167283497923,
        12.743849629250077,
        12.791668140689353,
        14.360044842667815,
        14.878862968488164,
        16.92053824520694,
        13.78735917775853,
        12.162400506631519,
        10.300289525495778,
        13.653336963713077,
        14.402348820509033,
        7.4572410765147925,
        12.648915240942902,
        10.8393154378672,
        10.303926293009775,
        13.02185165216022,
        9.660284217262658,
        14.770943118315715,
        18.219684080763134,
        13.660324037468833,
        10.261032174431442,
        15.275617389182967,
        14.33297456834978,
        12.737793379949027,
        13.06751804110703,
        9.74974194101674,
        13.152818869336867,
        11.935364883631031,
        11.746423729245363,
        13.096756580514402,
        8.658014429207604,
        8.347421741374259,
        17.836623774126185,
        8.695488639088499,
        -1.008443863500979,
        13.473875197877753,
        12.180821209156234,
        9.707360489890661,
        18.840887911667373,
        12.036061543862594,
        16.280157825469423,
        13.96688951028551,
        4.979758075073357,
        13.502123461119742,
        10.135727116710719,
        11.614918424151973,
        10.102536133182072,
        8.503610778792426,
        10.131775207316165,
        8.601928085013858,
        11.944932274712276,
        11.39817744991921,
        16.190136383560905,
        13.994395047206385,
        10.278958649507702,
        11.330681608231597,
        12.88023058099508,
        11.893505146010789,
        16.827549725724445,
        8.909675473688358,
        7.072434157878714,
        8.615052828978367,
        -0.40644281144969874,
        9.646081738528636,
        5.295582510496963,
        16.848165606790143,
        5.89537960075778,
        9.685867482470194,
        11.388656955531166,
        4.803292027242269,
        11.055796892818268,
        12.456228578641625
      ]
    },
    "ElasticNet": {
      "best_params": {
        "max_iter": 1000,
        "l1_ratio": 0.9,
        "alpha": 0.01
      },
      "best_cv_score": 0.8475200085602431,
      "test_mse": 2.682209593445784,
      "test_mae": 1.0072589660836782,
      "test_r2": 0.8313279971389707,
      "test_rmse": 1.6377452773388737,
      "test_mape": 11.418742495079668,
      "max_error": 8.865425800851469,
      "predictions": [
        9.354181657087278,
        12.610589680686141,
        11.07905470327037,
        18.47778162502467,
        5.472496347623383,
        16.075907905277294,
        15.155563534437027,
        11.791912250552366,
        16.61650876558575,
        9.460666972247004,
        12.703265502747984,
        8.772758488328627,
        14.506087697009784,
        8.56538843834814,
        10.85059536837808,
        14.919000860840661,
        13.772958105056787,
        8.72640884864903,
        10.042018602400768,
        9.183922330939007,
        8.791512027628064,
        13.066647698123226,
        15.239142808212343,
        6.727000042822527,
        10.826745010557893,
        10.114305880959918,
        17.86331156378449,
        7.888239143955749,
        5.72038745916897,
        9.391065806386402,
        14.424220023220306,
        12.828662492542877,
        10.783376301041097,
        8.82431866509672,
        12.162717980651554,
        9.92424673413094,
        13.382153765720783,
        13.150953190958113,
        14.438858742232348,
        12.65205440788268,
        14.3853778909863,
        8.306102435038543,
        13.752643248845944,
        8.502852870400842,
        8.70017428509245,
        18.531865208396468,
        13.015614473691269,
        2.4449058287438543,
        7.690054909777337,
        8.448183811639526,
        7.735912151102074,
        12.079731201151851,
        13.104301507338157,
        -0.7351063982124693,
        12.27085232315347,
        11.501469158544664,
        10.081521267533574,
        10.030480591028752,
        11.607828491282966,
        11.660967675004251,
        14.516895924035211,
        8.865425800851469,
        14.245163493635442,
        12.873248213057483,
        5.879885971839571,
        10.810573564623528,
        3.017024078182237,
        8.804578336219691,
        13.63078952387553,
        12.128063232366074,
        8.511514948285493,
        16.444232362548266,
        14.881571098653769,
        13.37957505763322,
        15.055418708785039,
        9.004102746318482,
        9.170332772419485,
        12.948907511873319,
        14.285886998864061,
        7.586984607785519,
        13.763779583477803,
        11.061971183450702,
        8.395553431608784,
        10.711294172511247,
        9.984908515172826,
        12.39368979431103,
        12.049268930803823,
        17.386451166124658,
        9.680637190729756,
        14.17994365511422,
        9.928775325012467,
        7.600280907205646,
        9.606822278203293,
        12.351557495831674,
        8.5353482803242,
        9.864348560808205,
        9.705743824840564,
        9.540085446488334,
        11.544466782745204,
        6.466917552292989,
        14.342393802480478,
        12.754125601737796,
        15.748889030321783,
        14.131695894308981,
        11.05587053719615,
        11.365189504953003,
        7.658354234428049,
        7.757827946269191,
        13.216068482043461,
        13.800955519386184,
        9.151478378342626,
        15.69190640033798,
        14.412527988134546,
        9.702817325692624,
        13.863103786515577,
        16.89460599866898,
        13.483376701134759,
        13.421841289159667,
        9.663851988903872,
        11.810731310258442,
        8.91655429371569,
        11.48935656924438,
        9.12487151260547,
        10.52420904917717,
        12.317135637052068,
        8.802005411554099,
        15.735553525440373,
        18.556528479267065,
        9.85470262039876,
        12.993343624428585,
        11.283542479485014,
        8.388408323202405,
        -0.8474941333657586,
        16.74906580375898,
        9.851111485285749,
        8.421041912747853,
        16.248246089382604,
        15.632818690113702,
        12.746117281407741,
        12.801383454001709,
        14.308186985129076,
        14.887876622256552,
        16.93415418968725,
        13.806811308307825,
        12.1780782665225,
        10.31377984164746,
        13.64701453057663,
        14.399525203978982,
        7.4373813045881,
        12.65660683511139,
        10.833870295734313,
        10.30578085766847,
        13.037785632294053,
        9.654370397008732,
        14.761020826801758,
        18.283156030947964,
        13.650203467996631,
        10.253280204655058,
        15.21353766827772,
        14.34468672704583,
        12.740029356177459,
        13.068747959688698,
        9.772173879299675,
        13.13190068108433,
        11.925517370920895,
        11.750604368365522,
        13.094078970260432,
        8.714070889310591,
        8.331962669860726,
        17.85216361950915,
        8.71859029695451,
        -1.1663687880162055,
        13.50448679129568,
        12.185474450484072,
        9.732494999171877,
        18.86277903788747,
        12.028864480887625,
        16.27149479647504,
        13.965543295460941,
        4.981970993457933,
        13.489008586895864,
        10.143847061885069,
        11.615083778681027,
        10.085129176887344,
        8.54450257134727,
        10.134851111019925,
        8.558883953725218,
        11.932670926448747,
        11.382322083169024,
        16.17836282725746,
        13.983806965981119,
        10.273973320720135,
        11.326512495959534,
        12.877308086700541,
        11.903747844956328,
        16.85689542952564,
        8.92572530224993,
        7.094730910037403,
        8.635800351922903,
        -0.4176870183799508,
        9.665813692122043,
        5.2645645691801715,
        16.900392867930183,
        5.871501687135249,
        9.711958415204423,
        11.386294675547497,
        4.782219392202837,
        11.0642791545273,
        12.465579639363902
      ]
    },
    "DecisionTree": {
      "best_params": {
        "min_samples_split": 20,
        "min_samples_leaf": 10,
        "max_depth": 5
      },
      "best_cv_score": 0.8407547020346113,
      "test_mse": 2.7387472596272064,
      "test_mae": 0.913622775638008,
      "test_r2": 0.8277725995983715,
      "test_rmse": 1.6549160883945768,
      "test_mape": 11.524086174528728,
      "max_error": 9.96923076923077,
      "predictions": [
        9.241071428571429,
        12.72463768115942,
        11.21505376344086,
        17.857142857142858,
        0.0,
        16.375,
        15.176470588235293,
        9.96923076923077,
        17.166666666666668,
        9.241071428571429,
        12.72463768115942,
        9.241071428571429,
        14.352941176470589,
        9.241071428571429,
        10.72972972972973,
        14.352941176470589,
        15.0,
        9.96923076923077,
        9.96923076923077,
        9.241071428571429,
        9.241071428571429,
        13.545454545454545,
        15.0,
        7.1,
        9.96923076923077,
        10.857142857142858,
        17.166666666666668,
        8.0,
        3.4615384615384617,
        9.241071428571429,
        15.176470588235293,
        12.947368421052632,
        11.21505376344086,
        9.96923076923077,
        12.0,
        10.857142857142858,
        13.545454545454545,
        12.72463768115942,
        15.761904761904763,
        12.72463768115942,
        15.176470588235293,
        9.241071428571429,
        15.0,
        7.1,
        7.1,
        17.857142857142858,
        12.947368421052632,
        0.0,
        9.241071428571429,
        9.241071428571429,
        7.1,
        12.72463768115942,
        13.545454545454545,
        0.0,
        12.0,
        11.21505376344086,
        9.241071428571429,
        11.21505376344086,
        12.0,
        11.21505376344086,
        15.176470588235293,
        9.96923076923077,
        15.0,
        12.947368421052632,
        3.4615384615384617,
        10.72972972972973,
        0.0,
        7.1,
        12.947368421052632,
        13.545454545454545,
        7.55,
        17.166666666666668,
        14.352941176470589,
        13.545454545454545,
        15.176470588235293,
        9.241071428571429,
        9.96923076923077,
        12.947368421052632,
        14.352941176470589,
        7.55,
        14.352941176470589,
        11.21505376344086,
        9.241071428571429,
        10.72972972972973,
        9.96923076923077,
        12.72463768115942,
        11.21505376344086,
        17.166666666666668,
        9.96923076923077,
        14.352941176470589,
        9.96923076923077,
        6.684210526315789,
        9.96923076923077,
        12.72463768115942,
        9.241071428571429,
        9.96923076923077,
        9.96923076923077,
        9.96923076923077,
        12.72463768115942,
        6.684210526315789,
        15.176470588235293,
        12.72463768115942,
        15.176470588235293,
        13.545454545454545,
        11.21505376344086,
        11.21505376344086,
        9.241071428571429,
        8.0,
        13.545454545454545,
        14.352941176470589,
        9.241071428571429,
        15.176470588235293,
        15.761904761904763,
        9.96923076923077,
        15.0,
        15.941176470588236,
        13.545454545454545,
        13.545454545454545,
        9.96923076923077,
        11.21505376344086,
        9.241071428571429,
        11.21505376344086,
        9.241071428571429,
        11.21505376344086,
        12.0,
        7.1,
        15.761904761904763,
        17.857142857142858,
        9.241071428571429,
        13.545454545454545,
        10.72972972972973,
        9.241071428571429,
        0.0,
        17.166666666666668,
        11.21505376344086,
        9.241071428571429,
        15.941176470588236,
        15.176470588235293,
        12.72463768115942,
        12.72463768115942,
        15.761904761904763,
        14.352941176470589,
        17.166666666666668,
        13.545454545454545,
        13.545454545454545,
        9.96923076923077,
        13.545454545454545,
        13.9,
        6.684210526315789,
        13.545454545454545,
        11.21505376344086,
        10.72972972972973,
        12.72463768115942,
        11.21505376344086,
        14.352941176470589,
        17.857142857142858,
        12.947368421052632,
        10.72972972972973,
        15.761904761904763,
        13.9,
        13.545454545454545,
        12.947368421052632,
        9.96923076923077,
        13.545454545454545,
        12.72463768115942,
        11.21505376344086,
        13.545454545454545,
        7.55,
        9.241071428571429,
        17.166666666666668,
        9.241071428571429,
        0.0,
        13.545454545454545,
        12.72463768115942,
        9.241071428571429,
        17.857142857142858,
        12.72463768115942,
        15.761904761904763,
        15.176470588235293,
        5.5,
        13.545454545454545,
        10.857142857142858,
        11.21505376344086,
        9.96923076923077,
        9.241071428571429,
        10.857142857142858,
        9.241071428571429,
        12.72463768115942,
        11.21505376344086,
        15.761904761904763,
        12.947368421052632,
        10.72972972972973,
        11.21505376344086,
        12.72463768115942,
        11.21505376344086,
        15.941176470588236,
        7.1,
        7.55,
        9.241071428571429,
        0.0,
        9.241071428571429,
        3.4615384615384617,
        16.375,
        5.5,
        9.241071428571429,
        11.21505376344086,
        5.5,
        12.0,
        12.0
      ]
    },
    "RandomForest": {
      "best_params": {
        "n_estimators": 100,
        "min_samples_split": 10,
        "max_depth": 10
      },
      "best_cv_score": 0.8475702535277518,
      "test_mse": 2.618628176765065,
      "test_mae": 0.9321003466270016,
      "test_r2": 0.8353263442191111,
      "test_rmse": 1.6182175925273663,
      "test_mape": 11.81942688313243,
      "max_error": 10.110250965503571,
      "predictions": [
        9.363928243097183,
        12.423756874786532,
        11.233656646665702,
        17.770806336097838,
        1.0548804806304808,
        16.274831707894784,
        15.506627473135588,
        10.84880818007668,
        17.69464602087799,
        9.640824184496493,
        12.683421166577759,
        8.024341069279977,
        14.29544362471805,
        8.721809048525246,
        10.723245846253398,
        14.422221255834494,
        14.517743780514298,
        9.83713270129755,
        10.22416395790388,
        9.076298583020758,
        9.0334192482785,
        13.28400808991638,
        15.131152523959527,
        5.172617232440762,
        10.19797044653868,
        10.259233757091808,
        17.65583176487256,
        7.159431398122573,
        4.792966097627863,
        9.844402605330034,
        15.298153891041734,
        12.98179407561335,
        11.452711768981807,
        10.187483368728191,
        12.367087242557593,
        10.109985336066353,
        13.21727310531313,
        12.941428559169267,
        15.571940747627497,
        12.848719013602238,
        15.281865412580197,
        8.614152709426318,
        14.866680223414356,
        6.6883992137952,
        7.796367439094604,
        17.54218142087717,
        12.998485857098569,
        0.03,
        8.203943549953694,
        9.444715228955095,
        5.005279914529914,
        12.716850360067962,
        13.597255288186467,
        0.37,
        12.426238535000792,
        11.151160215093729,
        8.964737564503533,
        10.670578405220459,
        12.165609301646064,
        11.147890339223856,
        15.242186487205602,
        10.110250965503571,
        14.389321661498947,
        12.908115648272512,
        5.129426997838762,
        11.214753670893378,
        0.720260101010101,
        6.024016888146426,
        13.288264883354811,
        12.570034760856169,
        7.992580555216254,
        17.09152563956512,
        14.526003138029841,
        13.429810409946672,
        15.122231554678692,
        9.13648430191108,
        9.048677750259543,
        13.205460332055308,
        14.46903613566946,
        8.540469300352736,
        13.979697288628989,
        10.807622439458418,
        8.311574948764202,
        11.301368240618238,
        10.143116823871534,
        12.573646089216698,
        11.333326617000445,
        17.316883559423033,
        9.913463524679244,
        14.82176258042783,
        9.834510356220532,
        6.883924200799201,
        10.204082660126465,
        12.586723705399852,
        8.39495895067602,
        10.16086830476961,
        9.95604072745154,
        9.952269469519925,
        12.70760468073123,
        7.096439750078073,
        15.414690009234349,
        12.888282406671383,
        15.114088529401448,
        13.358625300087443,
        10.970949449782008,
        11.367575658386004,
        8.734767900969377,
        7.609256773141379,
        13.56357807283105,
        14.152203882636966,
        9.528844143503115,
        15.392869305877584,
        15.753695249624814,
        10.394394747745254,
        14.429463805547712,
        16.226312122088437,
        13.388329907846872,
        13.35282303642685,
        9.164399655857384,
        11.67596590138888,
        8.523162758895264,
        11.207123063983929,
        10.160521162743017,
        10.588978646998465,
        12.059147213384499,
        5.34664745861508,
        15.842271642153989,
        17.86022051647183,
        9.46851746407557,
        13.114810040252143,
        11.303523632358788,
        8.688504762576791,
        0.1337878787878788,
        17.29261514727962,
        10.53877348992811,
        8.792890132390307,
        15.627724684357037,
        15.415758835857979,
        12.694892184967635,
        13.129876820217484,
        15.168707289582276,
        14.437176595400167,
        17.81440796922376,
        13.477653455663555,
        13.388779579421938,
        10.542222532110276,
        13.437782514477847,
        14.349866096811681,
        7.997567932067933,
        13.032981365254969,
        11.362323460074705,
        10.700010118501714,
        12.8945449940807,
        10.747048019013784,
        14.173914009317999,
        18.09752977871802,
        13.220846769988091,
        10.817052853573442,
        15.37704581502376,
        14.547237511512753,
        13.198201961753862,
        13.284321710590865,
        10.14369384580317,
        13.151035138133954,
        12.632912761037655,
        11.091046527392319,
        13.455382038334413,
        8.402994247940141,
        9.435504579844455,
        17.292684036723507,
        8.851815024516855,
        0.4711767676767677,
        13.449421054220977,
        12.273068905865516,
        9.85801199009847,
        17.760974652645405,
        12.738374853148407,
        15.416699014902022,
        14.90584720596927,
        5.778371474114124,
        13.046009781502937,
        9.900211320661015,
        11.22988068639952,
        10.439448270921577,
        8.826825707695185,
        10.474519344050007,
        9.640875750451961,
        12.92284602613484,
        10.894625962399294,
        15.506670555219152,
        13.185202117629537,
        10.570767566657864,
        11.27923252717588,
        12.168409760363035,
        11.618446451149527,
        16.260355406418483,
        7.755607388877409,
        6.269266870556346,
        9.142410455232188,
        0.13,
        9.82686154390319,
        2.1469693223443227,
        16.19119008769009,
        6.176811436112907,
        9.861004097283352,
        11.002030006869507,
        5.845891654913715,
        11.853172409257546,
        12.552991219847163
      ]
    },
    "GradientBoosting": {
      "best_params": {
        "learning_rate": 0.05,
        "max_depth": 5,
        "max_features": "sqrt",
        "min_samples_leaf": 2,
        "min_samples_split": 2,
        "n_estimators": 100,
        "subsample": 0.9
      },
      "best_cv_score": 0.8630059820933411,
      "test_r2": 0.8476961267689611,
      "test_rmse": 1.5562534557086836,
      "test_mae": 0.9017083109336941,
      "test_mape": 11.242416775725129,
      "max_error": 9.175624125869392,
      "predictions": [
        9.551529761879026,
        12.265371391453213,
        11.438279850710876,
        17.845029295723595,
        2.5644819355231734,
        15.717492558958748,
        15.127942119632262,
        10.626641058623179,
        17.477230690558333,
        9.324107377176713,
        12.25142414646239,
        9.012693661646223,
        13.935684773638505,
        8.333693572476566,
        10.763681416763621,
        14.350436852665569,
        14.337076787484847,
        10.244490706422429,
        10.157781889114528,
        9.818275048377584,
        9.479220733592847,
        13.144060654383475,
        15.0631820978282,
        6.265516643458929,
        10.639990844916875,
        10.050010374518154,
        17.167934045224495,
        7.782558306607531,
        5.561325585039425,
        9.994312156594079,
        15.259021896056868,
        12.643820774769535,
        11.883550617112462,
        9.670335578274182,
        12.702694168653755,
        10.035511030760942,
        12.69539448158261,
        12.76970775932233,
        15.490715580495863,
        13.38036223483155,
        15.017313574796734,
        9.859760529118807,
        14.559083270324322,
        8.113858920712051,
        9.017693809110028,
        17.39279307269637,
        12.636195251625203,
        -0.25085243725777157,
        8.33247994670933,
        9.178178425825395,
        7.967990544362828,
        13.02684849225454,
        13.595874668783884,
        -0.89993559350779,
        11.986944984411222,
        11.420235267378523,
        10.72228698954371,
        10.915319378137466,
        12.678952549900567,
        11.301544800661548,
        14.627404606508113,
        7.154286878657635,
        14.181129254975776,
        12.818621681581723,
        6.4797572472201805,
        11.613329012594127,
        -0.06940467377398934,
        9.203492760363824,
        13.07688534035858,
        11.643422275927854,
        8.145799699392208,
        17.155070026899953,
        14.61327214341073,
        14.153953511756741,
        14.670270403612392,
        9.147569442047029,
        9.620221644623928,
        12.360059652450827,
        14.12631999406432,
        8.776457086355135,
        13.659924232337255,
        11.166305059327609,
        8.516026801568817,
        11.501080034644971,
        10.246905647315215,
        12.64942042436695,
        11.312413427341705,
        17.111037433783768,
        9.881729827327959,
        14.703218511186757,
        10.275307652824562,
        6.98144766652707,
        10.889711138995862,
        12.097370583858975,
        8.409002499745702,
        9.78726118452585,
        10.37282419724236,
        9.636807846364972,
        12.799662104384534,
        7.164275038520237,
        15.324293754911224,
        12.600733960198756,
        14.844850147922973,
        13.691728378081828,
        11.11730853784694,
        11.181145370450047,
        8.426472043584976,
        7.792260599900072,
        13.310943045673502,
        13.838537825084135,
        9.50395736904178,
        15.266040407487722,
        15.10288178102915,
        10.941628058088787,
        14.097426479800623,
        16.742253973362708,
        13.296661916726968,
        13.203100338604088,
        9.10369847162723,
        12.3322899381477,
        9.222801000375936,
        11.29375481239812,
        10.149182933837146,
        10.750784148129068,
        12.231123913580516,
        7.99798607129106,
        15.873272121211421,
        17.365091883528876,
        9.77985434494622,
        13.309547118701387,
        10.976018012455127,
        8.900796472707817,
        0.4719452737644022,
        16.940364150297707,
        10.727246945456635,
        9.014417902850056,
        15.526935603036879,
        15.604020341779933,
        13.083328159277219,
        13.101276340384587,
        15.14963141856176,
        14.942849230601515,
        16.958934083999278,
        13.521296147912752,
        13.41833985936301,
        10.673740453557876,
        13.215811398904771,
        14.567415282298231,
        7.314751445227308,
        12.86488680951084,
        11.499128496155791,
        10.645993381757485,
        12.473876730986813,
        10.75067834933039,
        14.066680977146747,
        17.324988297619736,
        13.225111437231908,
        10.869639561658301,
        15.037759642464172,
        14.792101751740685,
        13.131493239056518,
        13.29972484945356,
        10.175624125869392,
        12.895127280909035,
        12.434354699420062,
        11.327636642037362,
        13.874376505157926,
        8.582108825876354,
        9.427377813599465,
        16.607253108992627,
        9.51949953085665,
        0.41736516468233764,
        13.697221966663351,
        12.32246423472363,
        10.03805470370074,
        17.41544727885809,
        12.591650704150139,
        15.632309347177198,
        15.066204835466023,
        6.941499737106634,
        12.714633264123613,
        10.296124006619593,
        11.64071531723834,
        10.392532922058535,
        8.90797723376737,
        10.477486315139883,
        9.62167230909136,
        12.047497694291694,
        11.230368392616707,
        15.369294549320161,
        13.345664284991152,
        10.861756084613358,
        10.926873838206124,
        12.505888453078443,
        11.968510209473363,
        16.06609826964576,
        8.760647262980532,
        6.906316963972903,
        9.033103003669803,
        -0.5612051088176115,
        10.416966193415695,
        2.546846775189504,
        16.097565658469698,
        6.272460324572252,
        9.791974312102468,
        11.09426330549975,
        6.052754105933469,
        11.576826063575261,
        12.926142931848679
      ]
    },
    "AdaBoost": {
      "best_params": {
        "n_estimators": 50,
        "learning_rate": 0.1
      },
      "best_cv_score": 0.8349563534711533,
      "test_mse": 3.386115247177179,
      "test_mae": 1.1203468575110453,
      "test_r2": 0.7870625613839866,
      "test_rmse": 1.8401400074932284,
      "test_mape": 13.460212165405485,
      "max_error": 11.062068965517241,
      "predictions": [
        9.37984496124031,
        12.743589743589743,
        11.181034482758621,
        17.75862068965517,
        3.40251572327044,
        15.458333333333334,
        15.204918032786885,
        9.836538461538462,
        17.714285714285715,
        9.44186046511628,
        12.743589743589743,
        8.974093264248705,
        14.88,
        5.958762886597938,
        11.181034482758621,
        15.126666666666667,
        15.126666666666667,
        8.24390243902439,
        11.062068965517241,
        9.44186046511628,
        9.408163265306122,
        12.772972972972973,
        15.157894736842104,
        5.313953488372093,
        11.062068965517241,
        9.521212121212121,
        17.714285714285715,
        7.297297297297297,
        3.40251572327044,
        9.44186046511628,
        15.204918032786885,
        12.772972972972973,
        11.181034482758621,
        11.062068965517241,
        12.743589743589743,
        9.13125,
        12.76536312849162,
        12.743589743589743,
        15.204918032786885,
        12.743589743589743,
        15.204918032786885,
        8.75187969924812,
        15.157894736842104,
        5.761904761904762,
        5.939024390243903,
        17.75862068965517,
        12.772972972972973,
        2.061224489795918,
        8.628691983122362,
        9.37984496124031,
        5.958762886597938,
        12.743589743589743,
        12.772972972972973,
        2.061224489795918,
        12.736842105263158,
        11.181034482758621,
        11.103703703703705,
        11.103703703703705,
        12.736842105263158,
        11.181034482758621,
        15.170068027210885,
        11.062068965517241,
        14.88,
        12.772972972972973,
        4.2006578947368425,
        11.181034482758621,
        2.7130434782608694,
        6.7,
        12.772972972972973,
        12.76536312849162,
        7.593406593406593,
        17.70731707317073,
        15.126666666666667,
        12.772972972972973,
        15.170068027210885,
        9.408163265306122,
        9.49390243902439,
        12.772972972972973,
        15.126666666666667,
        7.584905660377358,
        14.88,
        11.103703703703705,
        9.37984496124031,
        11.181034482758621,
        9.588235294117647,
        12.743589743589743,
        11.181034482758621,
        17.70731707317073,
        6.892307692307693,
        15.157894736842104,
        9.588235294117647,
        7.071428571428571,
        11.062068965517241,
        12.743589743589743,
        8.628691983122362,
        9.588235294117647,
        6.892307692307693,
        9.49390243902439,
        12.736842105263158,
        7.071428571428571,
        15.204918032786885,
        12.743589743589743,
        15.010526315789473,
        12.772972972972973,
        11.181034482758621,
        11.181034482758621,
        8.628691983122362,
        7.297297297297297,
        12.76536312849162,
        15.126666666666667,
        5.958762886597938,
        15.204918032786885,
        15.204918032786885,
        11.062068965517241,
        14.88,
        15.458333333333334,
        12.772972972972973,
        12.772972972972973,
        9.49390243902439,
        11.181034482758621,
        9.37984496124031,
        11.181034482758621,
        9.44186046511628,
        11.103703703703705,
        12.743589743589743,
        6.024154589371981,
        15.204918032786885,
        17.75862068965517,
        9.44186046511628,
        12.772972972972973,
        11.181034482758621,
        8.628691983122362,
        2.32183908045977,
        17.70731707317073,
        11.103703703703705,
        8.628691983122362,
        15.4375,
        15.204918032786885,
        12.743589743589743,
        12.743589743589743,
        15.204918032786885,
        15.126666666666667,
        17.714285714285715,
        12.772972972972973,
        12.772972972972973,
        9.37984496124031,
        12.772972972972973,
        15.126666666666667,
        7.3604651162790695,
        12.796791443850267,
        11.181034482758621,
        11.103703703703705,
        12.743589743589743,
        11.103703703703705,
        14.88,
        17.75862068965517,
        12.772972972972973,
        11.181034482758621,
        15.204918032786885,
        15.126666666666667,
        12.772972972972973,
        12.772972972972973,
        11.062068965517241,
        12.76536312849162,
        12.736842105263158,
        11.181034482758621,
        12.772972972972973,
        9.29496402877698,
        9.408163265306122,
        17.70731707317073,
        8.983471074380166,
        2.061224489795918,
        12.772972972972973,
        12.743589743589743,
        9.44186046511628,
        17.75862068965517,
        12.736842105263158,
        15.204918032786885,
        15.170068027210885,
        6.7727272727272725,
        12.772972972972973,
        11.062068965517241,
        11.181034482758621,
        9.588235294117647,
        9.37984496124031,
        8.279069767441861,
        9.408163265306122,
        12.736842105263158,
        11.181034482758621,
        15.204918032786885,
        12.772972972972973,
        11.103703703703705,
        11.181034482758621,
        12.743589743589743,
        11.181034482758621,
        15.458333333333334,
        5.939024390243903,
        6.520833333333333,
        9.408163265306122,
        2.3375,
        9.44186046511628,
        3.0961538461538463,
        15.4375,
        7.028985507246377,
        9.44186046511628,
        11.181034482758621,
        6.7727272727272725,
        6.892307692307693,
        12.743589743589743
      ]
    },
    "SVR": {
      "best_params": {
        "kernel": "linear",
        "gamma": "scale",
        "C": 10
      },
      "best_cv_score": 0.837265920896963,
      "test_mse": 3.06441058554392,
      "test_mae": 0.9585506851475799,
      "test_r2": 0.8072931092651092,
      "test_rmse": 1.7505457964714661,
      "test_mape": 10.74667158975752,
      "max_error": 10.09986336320436,
      "predictions": [
        9.386472422011973,
        12.461194223756518,
        11.385775463819567,
        18.24419963223178,
        6.253526598735316,
        15.92922505624092,
        15.02795317285138,
        10.924085566345024,
        16.88161992825179,
        9.499965326441707,
        12.464914698152338,
        8.29336357264587,
        14.325167698243643,
        9.306087690399874,
        11.142414769018057,
        14.477498117605176,
        13.820373780067708,
        9.09218421615439,
        10.28719071017191,
        9.478401121767245,
        9.421436169043073,
        12.944114886579637,
        14.76236160897933,
        7.909966366499315,
        10.219526121642229,
        9.77049420950426,
        17.33688152586502,
        7.499827673208966,
        6.956758375951022,
        9.553576926607686,
        14.847516086618793,
        13.076048296643688,
        11.245672901925357,
        9.525638527697648,
        12.533928168408675,
        10.237358862075649,
        13.192584331641552,
        12.782956182720508,
        14.741736862859607,
        12.767277155291634,
        14.691286013982062,
        8.318070945381788,
        13.784934886271397,
        9.317540011671678,
        9.146356720575437,
        18.16312123571907,
        13.095837230735906,
        4.062469531475454,
        8.481234731420482,
        8.874423417437892,
        8.491690793231111,
        12.395192791314525,
        13.312168513328782,
        0.559665260575084,
        12.103113351994406,
        11.256155130196497,
        10.443338045524268,
        10.19009899492995,
        12.136032959519863,
        11.287924154465923,
        14.804836627148358,
        10.09986336320436,
        14.263730416661868,
        12.835997381334305,
        6.830449102968128,
        11.13394656847544,
        5.020590683334628,
        9.2677663360814,
        13.39457758011962,
        12.399169272217346,
        8.294672920804919,
        16.678566167061955,
        14.526163782196914,
        13.417573143053406,
        15.017102726174965,
        9.092461560096293,
        9.555559340033636,
        13.141909781103859,
        14.252909267198728,
        8.302510022339543,
        13.842966587966611,
        11.158183003812205,
        8.906111007626873,
        11.914435121645038,
        10.141638582391504,
        12.360515174473345,
        11.78142137940075,
        17.034012013921085,
        10.153315715188324,
        14.324144854425878,
        10.25414075930733,
        7.470409427875065,
        9.809095307573603,
        12.32209365588518,
        8.562350785803698,
        10.074210102879828,
        10.091703296257403,
        9.742466636472695,
        12.084382724356425,
        7.06988710452627,
        14.598426465049453,
        12.396353697768962,
        15.342497688065702,
        13.693208269807503,
        11.153196121857189,
        11.794423087087662,
        8.133817189595202,
        7.606511908435902,
        13.410034141861185,
        13.720667839134915,
        9.389164235621148,
        15.286446693672314,
        14.309231443200229,
        10.205911707025134,
        13.969098331627695,
        16.669835467238936,
        13.637297431442187,
        13.83291207710202,
        10.0726200740671,
        11.958557551936376,
        9.183194585877612,
        11.416505064055212,
        9.572443074280567,
        10.554129233272395,
        12.043884354492402,
        9.081427588702532,
        15.691884690381041,
        18.26502466044853,
        9.720881902521324,
        13.357433692278288,
        11.64933255874045,
        8.621330227820732,
        0.2787446266739657,
        16.626865079001032,
        10.200283532596028,
        8.873753705954055,
        16.0733841635038,
        15.296935048506167,
        12.463003309212485,
        12.749555247225668,
        14.826149699295552,
        14.681211904599962,
        17.01208081047407,
        13.411914073873543,
        12.952469522903026,
        10.27855313855299,
        13.190265365935364,
        14.145542615603755,
        7.593201435706785,
        12.603770254345061,
        11.194756940550104,
        10.785042168578837,
        12.410329893502375,
        10.055691889149383,
        14.49083508876377,
        18.049894022716682,
        13.578758222575555,
        10.677744844191448,
        15.100630515125228,
        14.401803012944708,
        12.826017543754045,
        13.432861338144352,
        10.099665276662446,
        12.955368947894026,
        12.208159369523212,
        11.66339891393464,
        13.270043646389023,
        8.458264153864677,
        9.088309614200991,
        17.427197509869398,
        8.581150954799579,
        -0.06997089916258759,
        13.455799664165479,
        12.222033825691685,
        9.620832325587974,
        18.14680737114629,
        12.250812140033272,
        15.68229797815125,
        14.519978247639532,
        5.474935501221491,
        13.253767298396138,
        10.132299617994757,
        11.49116158308303,
        10.426602536337196,
        8.856448233575318,
        10.691750910734964,
        9.176536501488709,
        11.791462095673705,
        11.068563048436726,
        15.456534891346696,
        13.45588300978049,
        10.507135413236309,
        11.023865526077582,
        12.558027283546647,
        11.887009667631286,
        16.416767331207975,
        9.431027364187582,
        7.618775104403351,
        7.982335210754837,
        0.17704583679663344,
        9.91102827425937,
        6.218647598391055,
        16.487690830009164,
        6.288439136564474,
        9.756753690231807,
        11.531529118712438,
        5.262486789866653,
        11.693486372882898,
        12.468342319965661
      ]
    },
    "KNN": {
      "best_params": {
        "weights": "distance",
        "n_neighbors": 5
      },
      "best_cv_score": 0.6826701689760845,
      "test_mse": 5.64492587486547,
      "test_mae": 1.508872471210359,
      "test_r2": 0.6450162002096155,
      "test_rmse": 2.3759052748090506,
      "test_mape": 16.006223535304844,
      "max_error": 11.958820859342573,
      "predictions": [
        10.780782362880174,
        12.875652927897663,
        11.99761585664567,
        17.190502079569825,
        9.890541990040536,
        13.82506196749034,
        14.942203340217104,
        10.628160724609222,
        16.285779639757735,
        10.872537106319387,
        11.803432271873708,
        12.221658065960266,
        14.499314758362734,
        9.129449100913792,
        11.212575750457225,
        14.798085374226138,
        13.412754235102,
        10.69689427930064,
        12.591747966958238,
        10.438444943512387,
        7.3511505890028035,
        12.61354807949499,
        15.661561308580428,
        8.21565254080286,
        11.239666321245902,
        10.964228481193384,
        16.42402060986292,
        7.191287991174988,
        5.443685809063564,
        10.01442109486213,
        14.601324836857374,
        12.716118262175032,
        11.7744477174442,
        10.89487771043345,
        12.61801393841694,
        11.395867970148283,
        11.578826803926699,
        15.195737725196164,
        15.187578727544373,
        14.836775291287092,
        15.10492476863532,
        11.803601092899546,
        14.382244709424587,
        12.425366906243815,
        10.83107388674178,
        15.987377602289257,
        12.09823164173237,
        7.454700199196894,
        11.00038850809561,
        9.364443344113665,
        10.772510908900719,
        13.545650571808537,
        11.55830854835237,
        0.0,
        12.402601513335402,
        11.752226977202156,
        11.79411203422725,
        11.065033655733775,
        9.345060289183222,
        12.738667908220512,
        12.406441206739537,
        11.958820859342573,
        13.998409205330544,
        11.568820546511105,
        8.205449928199043,
        10.906017866593908,
        6.838563196290656,
        11.362326891684376,
        13.792243693446428,
        9.016289353086782,
        9.4514961258515,
        16.77525095985137,
        13.396211050309887,
        12.629284221688197,
        13.607492780745833,
        8.934140135110523,
        10.008297128102056,
        10.213791929548728,
        13.973966512835892,
        8.787312453750985,
        12.007291119655928,
        11.9690896217543,
        9.559389389560248,
        11.685640996634575,
        10.259394237662388,
        11.925792686198907,
        11.617475295384223,
        13.66784360770183,
        10.199130043855801,
        14.803709820823542,
        11.968249929305655,
        8.99839723501264,
        11.215640930657443,
        11.199492420483462,
        9.238665291358972,
        10.220869351799772,
        11.17911459399684,
        11.407765146234892,
        12.730862865925982,
        9.133274928002878,
        14.297041611863497,
        11.966746721797206,
        14.780328991721712,
        11.554958301374741,
        13.401087615054115,
        9.783347052901687,
        8.479183619396675,
        7.177947286973842,
        14.029785754507474,
        12.549178141184788,
        10.803688045992415,
        12.935259578881078,
        14.31234264953545,
        10.31677621776209,
        13.802164115802903,
        15.663042795504706,
        14.008549661682295,
        12.815213657500074,
        8.974494172353772,
        11.80229025435437,
        9.015638635015604,
        11.997901035163434,
        11.422571891280636,
        10.036704941688347,
        10.265977315179866,
        10.501885195689583,
        15.75863418205128,
        17.103810503256337,
        10.009911942573673,
        12.032188101898408,
        11.840060962537901,
        9.681464335614498,
        1.7762063042474607,
        14.914710203679036,
        11.335344741327464,
        9.195264135849678,
        13.213711212884768,
        14.767526368628184,
        12.358258652197533,
        11.590827422847045,
        15.76216869896509,
        14.414576507376832,
        16.17582876012234,
        12.988733075620505,
        13.481097534938044,
        10.411036116115561,
        9.503194286053569,
        14.719191379210688,
        8.619204101029096,
        11.311628464127187,
        12.410390032795604,
        11.776115680901137,
        11.60226401056368,
        10.958868574577279,
        13.642175305465669,
        16.8237122449187,
        12.093339589250583,
        11.810101471247245,
        14.314068745969584,
        14.231115853461322,
        10.177841038814401,
        12.749211246305483,
        12.047517306744549,
        11.397722263240164,
        12.859948501624727,
        9.99119422934869,
        12.795755751776372,
        7.590962347836768,
        11.21824237087479,
        15.206901973646712,
        10.578042878775502,
        1.349429616237442,
        11.458295038473084,
        12.946103967117404,
        10.611194193513182,
        16.771938940867106,
        12.607895288028397,
        14.70450778372425,
        11.70334724263811,
        9.501724486539343,
        10.792252438051207,
        11.589084951758766,
        11.46069822923886,
        9.986697466738054,
        9.560123350476987,
        11.611862393231785,
        9.819227076272174,
        12.36708173239771,
        11.632407902281544,
        12.287766091719826,
        13.978116350385461,
        12.062282672152785,
        10.398514846091112,
        12.231644313733316,
        12.178068906774726,
        15.185257326164269,
        11.868923610033114,
        9.716460623957492,
        10.493882481330166,
        0.0,
        11.372324253589941,
        9.389729300820168,
        15.603539510980646,
        8.093783928014908,
        12.099358987196938,
        11.174134039546912,
        7.256497863751081,
        9.274008555106816,
        12.420603372852115
      ]
    },
    "MLP": {
      "best_params": {
        "solver": "adam",
        "max_iter": 500,
        "hidden_layer_sizes": [
          50
        ],
        "alpha": 0.001,
        "activation": "tanh"
      },
      "best_cv_score": 0.8323423019580772,
      "test_mse": 2.7679020590302676,
      "test_mae": 1.0630619052933665,
      "test_r2": 0.8259391864227783,
      "test_rmse": 1.6637013130457845,
      "test_mape": 12.361797400853467,
      "max_error": 9.43521144829365,
      "predictions": [
        9.378709262189213,
        12.755013562240412,
        11.886453181052685,
        17.810578021342426,
        3.9003297181828187,
        15.732849224007245,
        15.675005025272794,
        9.676138128055833,
        17.00687250592368,
        8.671162632320348,
        12.985394713670821,
        9.499131850482899,
        14.53807269039573,
        10.80067065975472,
        10.970021849643764,
        14.513682633838325,
        13.02666725642659,
        9.666876270362472,
        9.623623683603245,
        9.911922872913054,
        8.336241541144382,
        13.145908093327362,
        15.346418180856055,
        5.194010650278728,
        9.843791382908654,
        11.078254529328216,
        17.492278188717886,
        7.154213447025476,
        5.281708585160415,
        8.385258220187254,
        14.09339972205394,
        13.505113527026667,
        11.125724801525843,
        8.393774064089547,
        11.285588491952474,
        9.42570536943847,
        13.37169515100091,
        13.473407215381862,
        16.37344724451954,
        13.522082214385273,
        13.908373664068021,
        10.910007805461062,
        13.348873005473404,
        6.832976584596697,
        9.014800581578704,
        17.785328984239232,
        12.392203887886845,
        -0.9736557349265272,
        6.738691441571792,
        8.47298440009934,
        9.171142421433386,
        12.817721239325794,
        12.93347840592171,
        -1.2905379317032395,
        12.744402939487872,
        10.277177204260246,
        11.043091893062774,
        11.83202894916932,
        11.174807123786465,
        12.015755357010619,
        14.353783728013955,
        6.4954878221543115,
        14.642449836935205,
        12.810109357088884,
        6.815560113989339,
        12.27178759907334,
        1.231446648996834,
        10.079436842684705,
        13.468470895908522,
        12.066477618790515,
        7.716857335305091,
        17.31458527927195,
        13.795216568690298,
        13.508634808268987,
        15.280843525781185,
        9.841791364935714,
        9.747642528508912,
        13.477351766072198,
        14.681599306177423,
        9.103848849371984,
        14.655535593809368,
        11.488353373129614,
        8.912948964368017,
        9.890797023324144,
        10.67642282128646,
        12.993199348378022,
        11.329681539625822,
        16.133141087221468,
        8.825318643988927,
        14.301661519247494,
        10.61606363660602,
        8.03081329391271,
        9.855285112995684,
        12.668056414555634,
        8.472356504423834,
        10.000779186163355,
        9.028098267301278,
        10.550308167404854,
        12.710145328079625,
        6.4503093269915395,
        12.44842378842208,
        11.774916991671452,
        15.602166100141975,
        14.360598917189451,
        11.0569544618874,
        10.868735615645178,
        9.264810422768502,
        7.85292313162796,
        13.151689070183398,
        13.328798603848949,
        11.022484565679788,
        14.91355529885191,
        13.800717495834832,
        8.798975823056283,
        15.454316803901998,
        14.809484570751485,
        13.130008717461548,
        13.616927205079017,
        8.774380699359234,
        11.57025075932001,
        10.54344025007705,
        11.493120022364563,
        8.656748857590223,
        11.085828258716177,
        12.536983143135183,
        9.51518916033786,
        16.768602651970973,
        17.564372489784724,
        9.41333283441799,
        13.537562283168175,
        12.794640917196407,
        8.183850471163463,
        -1.808823577820687,
        15.211381041705035,
        10.245916477185851,
        8.272194099533152,
        15.238444558054466,
        16.37835391353891,
        12.404763184521416,
        13.336795823359104,
        14.906153954583214,
        14.999777582739444,
        16.66715513090426,
        13.272361371805008,
        11.84216786227667,
        11.552996734717867,
        13.382478282967202,
        15.18340446584333,
        7.397486325290674,
        12.942036998065937,
        11.542173434838015,
        9.722713343214501,
        12.726844894936615,
        10.502432721181357,
        14.764504308179083,
        17.858154767228363,
        14.435987705592442,
        10.75910181129201,
        14.550600140508976,
        15.189393485346768,
        11.883824054443508,
        14.143767933856138,
        10.43521144829365,
        12.878860633088065,
        12.67307778747286,
        11.603832606371471,
        14.374303390600014,
        8.218259567141091,
        7.798706384382151,
        17.146451003614647,
        8.379214745086466,
        -1.0770352546656996,
        13.502818296995892,
        12.79616735754405,
        10.423596375448342,
        18.087590281358487,
        12.266816101933902,
        15.160991890988573,
        14.336515117206016,
        5.481317036773927,
        12.522558910731096,
        10.045070470406497,
        12.7844483786458,
        11.138365820877619,
        8.861933471328031,
        11.483389302251252,
        9.071262117107366,
        12.18737660804374,
        11.042095384438285,
        15.675842284458378,
        13.241317604424522,
        11.791470893916529,
        11.520436206980555,
        12.602508929237294,
        12.447250800291028,
        16.689782729912437,
        8.89289493143435,
        7.76716403825424,
        8.38919229323024,
        -0.7876619704799303,
        10.755701037731406,
        4.727895626463869,
        16.129067080849552,
        7.379529275654796,
        10.332496830526749,
        11.315804822230808,
        5.811649950053516,
        12.123889866238464,
        13.706548164017871
      ]
    }
  },
  "dataset_info": {
    "total_samples": 1044,
    "training_samples": 835,
    "test_samples": 209,
    "features_count": 70,
    "feature_names": [
      "school",
      "sex",
      "age",
      "address",
      "famsize",
      "Pstatus",
      "Medu",
      "Fedu",
      "Mjob",
      "Fjob",
      "traveltime",
      "studytime",
      "failures",
      "schoolsup",
      "famsup",
      "paid",
      "activities",
      "nursery",
      "higher",
      "internet",
      "romantic",
      "famrel",
      "freetime",
      "goout",
      "Dalc",
      "Walc",
      "health",
      "absences",
      "G1",
      "G2",
      "subject",
      "total_study_time",
      "parent_education_avg",
      "grade_trend",
      "attendance_ratio",
      "support_index",
      "family_quality",
      "social_factor",
      "motivation_score",
      "poly_G1 G2",
      "poly_G1 studytime",
      "poly_G1 absences",
      "poly_G1 age",
      "poly_G2 studytime",
      "poly_G2 absences",
      "poly_G2 age",
      "poly_studytime absences",
      "poly_studytime age",
      "poly_absences age",
      "study_health_interaction",
      "family_support_interaction",
      "age_failures_interaction",
      "social_academic_balance",
      "absences_log",
      "g1_g2_ratio",
      "study_absence_ratio",
      "reason_0",
      "reason_1",
      "reason_2",
      "reason_3",
      "guardian_0",
      "guardian_1",
      "guardian_2",
      "age_group_Young",
      "age_group_Medium",
      "age_group_Old",
      "absence_level_None",
      "absence_level_Low",
      "absence_level_Medium",
      "absence_level_High"
    ],
    "target_statistics": {
      "mean": 11.340119760479041,
      "std": 3.833370762202419,
      "min": 0,
      "max": 20
    }
  }
}