{
  "analysis_info": {
    "total_models": 11,
    "best_model": "VotingRegressor",
    "best_r2_score": 0.7929459253905455,
    "best_rmse": 1.7319596169671867
  },
  "model_performance_summary": [
    {
      "best_cv_score": null,
      "test_mae": null,
      "test_r2": null,
      "test_rmse": null,
      "test_mape": null,
      "max_error": null,
      "Test_R2": 0.7929459253905455,
      "Test_RMSE": 1.7319596169671867,
      "Test_MAE": 1.0467212013988676,
      "model": "VotingRegressor",
      "rank": 1
    },
    {
      "best_cv_score": null,
      "test_mae": null,
      "test_r2": null,
      "test_rmse": null,
      "test_mape": null,
      "max_error": null,
      "Test_R2": 0.7913817564040961,
      "Test_RMSE": 1.7384892648278407,
      "Test_MAE": 1.0447349363518386,
      "model": "StackedEnsemble",
      "rank": 2
    },
    {
      "best_cv_score": 0.8468434012368101,
      "test_mae": 1.0935039749782136,
      "test_r2": 0.7877608108966709,
      "test_rmse": 1.7535116668441768,
      "test_mape": 12.482014680837981,
      "max_error": 8.670178595814281,
      "Test_R2": null,
      "Test_RMSE": null,
      "Test_MAE": null,
      "model": "LinearRegression",
      "rank": 3
    },
    {
      "best_cv_score": 0.8519167499988608,
      "test_mae": 1.0762038053455154,
      "test_r2": 0.7886261117001545,
      "test_rmse": 1.749933475776843,
      "test_mape": 12.195443581463493,
      "max_error": 8.59754615665435,
      "Test_R2": null,
      "Test_RMSE": null,
      "Test_MAE": null,
      "model": "Ridge",
      "rank": 4
    },
    {
      "best_cv_score": 0.8572396393191731,
      "test_mae": 1.0187390757567882,
      "test_r2": 0.7870619636701819,
      "test_rmse": 1.7563962181567068,
      "test_mape": 11.619055604283755,
      "max_error": 9.21186515488369,
      "Test_R2": null,
      "Test_RMSE": null,
      "Test_MAE": null,
      "model": "Lasso",
      "rank": 5
    },
    {
      "best_cv_score": 0.857881561485514,
      "test_mae": 1.0210210721785362,
      "test_r2": 0.787972164180363,
      "test_rmse": 1.752638353196997,
      "test_mape": 11.62454725428207,
      "max_error": 9.117515819507268,
      "Test_R2": null,
      "Test_RMSE": null,
      "Test_MAE": null,
      "model": "ElasticNet",
      "rank": 6
    },
    {
      "best_cv_score": 0.8577214781501407,
      "test_mae": 1.0556189386995356,
      "test_r2": 0.7585684648623999,
      "test_rmse": 1.8702207400504598,
      "test_mape": 13.075096293124439,
      "max_error": 10.229166666666666,
      "Test_R2": null,
      "Test_RMSE": null,
      "Test_MAE": null,
      "model": "DecisionTree",
      "rank": 7
    },
    {
      "best_cv_score": 0.8768350947875478,
      "test_mae": 1.0528363354911343,
      "test_r2": 0.7789077452583912,
      "test_rmse": 1.789709878734003,
      "test_mape": 12.886735915432606,
      "max_error": 9.925,
      "Test_R2": null,
      "Test_RMSE": null,
      "Test_MAE": null,
      "model": "RandomForest",
      "rank": 8
    },
    {
      "best_cv_score": 0.8791321319862092,
      "test_mae": 0.9973245789695215,
      "test_r2": 0.809791117486668,
      "test_rmse": 1.660012154652781,
      "test_mape": 11.839704080916174,
      "max_error": 8.2829572209145,
      "Test_R2": null,
      "Test_RMSE": null,
      "Test_MAE": null,
      "model": "GradientBoosting",
      "rank": 9
    },
    {
      "best_cv_score": 0.8509217095990124,
      "test_mae": 1.1355755369905223,
      "test_r2": 0.77953798953339,
      "test_rmse": 1.7871571900631813,
      "test_mape": 13.028330326870766,
      "max_error": 7.648725212464589,
      "Test_R2": null,
      "Test_RMSE": null,
      "Test_MAE": null,
      "model": "AdaBoost",
      "rank": 10
    },
    {
      "best_cv_score": 0.839360150173777,
      "test_mae": 0.995290516109525,
      "test_r2": 0.7764200692313472,
      "test_rmse": 1.7997504034766325,
      "test_mape": 11.271185791026532,
      "max_error": 9.926226302642458,
      "Test_R2": null,
      "Test_RMSE": null,
      "Test_MAE": null,
      "model": "SVR",
      "rank": 11
    },
    {
      "best_cv_score": 0.6858951333619522,
      "test_mae": 1.3976300543958804,
      "test_r2": 0.6727875301189039,
      "test_rmse": 2.177262506830112,
      "test_mape": 16.222790778844782,
      "max_error": 10.81239374818096,
      "Test_R2": null,
      "Test_RMSE": null,
      "Test_MAE": null,
      "model": "KNN",
      "rank": 12
    },
    {
      "best_cv_score": 0.8288336590939206,
      "test_mae": 1.2415475529419187,
      "test_r2": 0.7787800998605723,
      "test_rmse": 1.7902264397192786,
      "test_mape": 14.928859574649724,
      "max_error": 9.397244348189183,
      "Test_R2": null,
      "Test_RMSE": null,
      "Test_MAE": null,
      "model": "MLP",
      "rank": 13
    },
    {
      "best_cv_score": null,
      "test_mae": null,
      "test_r2": null,
      "test_rmse": null,
      "test_mape": null,
      "max_error": null,
      "Test_R2": null,
      "Test_RMSE": null,
      "Test_MAE": null,
      "model": "WeightedEnsemble",
      "rank": 14
    }
  ],
  "detailed_results": {
    "LinearRegression": {
      "best_params": {
        "fit_intercept": true
      },
      "best_cv_score": 0.8468434012368101,
      "test_mse": 3.074803165758643,
      "test_mae": 1.0935039749782136,
      "test_r2": 0.7877608108966709,
      "test_rmse": 1.7535116668441768,
      "test_mape": 12.482014680837981,
      "max_error": 8.670178595814281,
      "predictions": [
        11.886884163847302,
        10.601685473745789,
        11.816435886067232,
        15.617436231075615,
        5.648826006354673,
        17.044284131204137,
        16.26404357119111,
        11.280317026782262,
        10.589446595967912,
        11.763930355819468,
        6.366459978112246,
        5.33949097207174,
        16.02520834931743,
        10.826329839428334,
        9.30624689536836,
        15.019892811088566,
        16.329172418684337,
        13.855616633776812,
        12.966233131191148,
        9.100865675343863,
        11.341412995428701,
        11.767087454317469,
        16.98003070188787,
        5.350839687348446,
        10.465489515094408,
        9.26910422447946,
        15.38133193896946,
        0.6583443795590256,
        4.760968612854611,
        8.943888610942867,
        14.972160052480566,
        13.391058488329758,
        9.53322864503891,
        12.109848420817805,
        12.94046047361308,
        9.8144038288502,
        13.260026413265521,
        7.305817648689324,
        12.665792803841878,
        9.164630233979207,
        15.647708534994866,
        11.799036553456563,
        13.917238174157903,
        8.67944811718982,
        7.32501400218673,
        17.575739992455276,
        9.971493308941856,
        -1.8885517532338447,
        10.75420857977592,
        8.444567529108024,
        4.143410299345793,
        8.88365582319132,
        9.007288160385446,
        5.119441109529255,
        13.039937645673875,
        10.775595192938875,
        11.250611385684286,
        6.403622062952423,
        10.468922331033975,
        11.903796701898703,
        14.942494456647331,
        4.1246261497870425,
        12.805395459496335,
        15.775436983490916,
        6.052170684077608,
        8.838866874772645,
        -1.0152996345611758,
        10.064288077020048,
        14.45760951512208,
        13.947179460183932,
        9.658681716207491,
        15.649108627155798,
        15.257124869452348,
        15.122572369947541,
        14.009301447867651,
        13.587741980200551,
        10.253956244165126,
        11.166807937227968,
        15.477405750262765,
        6.727229029673347,
        13.458996836526953,
        10.335288792154728,
        12.858674392177852,
        8.963117011332937,
        11.450505745774564,
        8.182907543450636,
        10.562394036777441,
        14.67526724109933,
        13.702115853492085,
        14.932608993455085,
        12.84506736399083,
        12.35153360323254,
        11.311483071870285,
        9.192567044551089,
        7.42923756782318,
        12.327471919153407,
        6.610912710898666,
        11.485197134892971,
        13.52866739533527,
        9.962504386327499,
        16.725765834150558,
        8.309710530355897,
        15.829272440403532,
        6.418026841458151,
        10.053898965255673,
        9.594708462693907,
        12.13254331293001,
        12.31511472245739,
        12.82960048071065,
        17.719491397615897,
        11.858847568796111,
        16.255102755946112,
        14.517333130830165,
        10.101725784025465,
        16.926288660461452,
        13.481125429732813,
        14.77141625034178,
        11.776727682829103,
        8.095070727683659,
        10.820559829352248,
        6.452349945502125,
        12.099761312172937,
        12.573290329511593,
        12.386352874455488,
        9.665731529790055,
        9.686231331207052,
        13.065113345588415,
        16.747587586626608,
        7.852917785665099,
        7.156910621546246,
        10.727364930501233,
        11.227620000362847,
        5.0898898844231555,
        15.935602435272077,
        10.066728286874563,
        7.764682735765012,
        14.40648897509589,
        16.347531803324483,
        9.331197749103403,
        15.648848254237535,
        9.66578563652187,
        14.06908882891944,
        16.18287776841107,
        14.64935105798729,
        10.35587631260036,
        7.621386414746858,
        9.572854335727628,
        15.037455168520697,
        6.413067591443708,
        12.3523674279459,
        10.9919387792558,
        7.439487642207724,
        13.196417444168247,
        7.3355266536622485,
        14.265368223700587,
        18.5106345034385,
        9.995197027973257,
        11.157581015927054,
        16.573748109115975,
        13.268484274560812,
        10.713728260757495,
        13.087810416633976,
        8.352091770589542,
        8.611775641214923,
        10.121805286783008,
        9.09654835042944,
        15.880361164410349,
        12.89871555817215,
        12.354254246670289,
        17.369452128265472,
        9.51294545854012,
        4.874112587077109,
        13.246224695006283,
        13.032289128654982,
        11.690346252391633,
        14.109069901396358,
        6.9975251163312855,
        15.501318519783727,
        14.641263571929885,
        7.982929592690709,
        14.75502192932262,
        13.613759860572937,
        8.828022548226055,
        12.476132077089227,
        11.629546706939848,
        10.73006726627854,
        11.647334091173285,
        7.493432639234831,
        8.588049639394923,
        16.446355121665125,
        11.077547612417153,
        11.33221077370824,
        7.083975237924013,
        10.676421031460327,
        6.329227545184913,
        12.828780712597332,
        11.94312762138477,
        14.06838184914648,
        12.207940753340464,
        6.116062483053411,
        10.552760729332983,
        6.641104206662446,
        13.990523143494313,
        13.531138055319033,
        10.79803256573163,
        7.177241649667515,
        9.670178595814281,
        11.892924857868344,
        13.747165278126364
      ]
    },
    "Ridge": {
      "best_params": {
        "solver": "auto",
        "alpha": 10
      },
      "best_cv_score": 0.8519167499988608,
      "test_mse": 3.062267169644423,
      "test_mae": 1.0762038053455154,
      "test_r2": 0.7886261117001545,
      "test_rmse": 1.749933475776843,
      "test_mape": 12.195443581463493,
      "max_error": 8.59754615665435,
      "predictions": [
        11.559735234132697,
        10.522324984600077,
        11.692501954991672,
        15.490228680947247,
        5.98086600865439,
        17.032468171144412,
        16.317375401327247,
        11.17716174888443,
        10.579295212683274,
        11.642148584175883,
        6.565348569028774,
        5.5734899502223145,
        15.94707881592418,
        10.663184265449352,
        9.280111894368664,
        15.259228966165773,
        16.995051025402923,
        13.814351033720436,
        12.867236104648082,
        8.74218149376566,
        11.138583849655607,
        11.74067811089339,
        16.955600318285935,
        5.428823010251738,
        10.414374992565286,
        9.271861951441412,
        15.398761349137416,
        0.8967439266547075,
        4.776722679090732,
        8.690197173687242,
        14.977110501347557,
        13.30370552614857,
        9.550892050282368,
        12.085130881280902,
        12.925457597930594,
        9.863679689741936,
        13.136506144203155,
        7.571708665474903,
        12.498769965485538,
        9.397040217872206,
        15.732716271365373,
        11.814833206353676,
        13.848996532715036,
        8.614336354194503,
        7.165389815219452,
        17.53542994342557,
        10.003890742013073,
        -1.612028571758719,
        10.822912773204282,
        8.5238599597724,
        4.595333606647107,
        8.853904534345457,
        8.951180282050306,
        5.3399881712241895,
        13.001945226632488,
        10.729069854644045,
        11.067121594422925,
        6.3925037157393865,
        10.468251113458036,
        11.793324953726948,
        14.953549895067598,
        4.437669198757841,
        12.767820938467972,
        15.756527714619853,
        6.523200822229678,
        8.735486357382076,
        -0.9250591442008709,
        10.043962749258549,
        15.214093310525945,
        13.807007758662666,
        9.542858928678331,
        15.75227576302268,
        15.338235094412415,
        15.037003514961443,
        13.928984584449335,
        13.528926994597697,
        10.400185329205566,
        11.10213551503976,
        15.534863676703008,
        6.649074807565916,
        13.19870072525817,
        10.108171509319734,
        12.690050204444223,
        8.854322366046361,
        11.339288118476802,
        8.432518394460743,
        10.530183706892252,
        14.647396853639112,
        13.53796374054725,
        14.858170725337953,
        12.82284022828989,
        12.290817352777152,
        11.18211655843564,
        9.14794162501035,
        7.414448137849222,
        12.056626229726856,
        6.395025261927685,
        11.473078229721972,
        13.402086961671495,
        9.750949902447207,
        16.86673443151666,
        8.347754128141167,
        15.629838147503303,
        6.739304377382977,
        9.953585041484152,
        9.194370935762942,
        12.002398306908406,
        12.332300120790611,
        12.787764015570596,
        17.948933926324738,
        11.696209680885016,
        15.946404287032461,
        14.336239484698293,
        9.886684487241379,
        16.984155334160334,
        13.576368561474135,
        14.948436904362714,
        11.812894561583484,
        7.892163115403941,
        10.833688054761604,
        6.475485262973014,
        12.07445114138501,
        12.45272934208051,
        12.428953041162375,
        9.700286163746759,
        9.61841268587077,
        12.948125664641138,
        16.850846333500392,
        8.0452842254446,
        7.358534762187905,
        10.673460488742768,
        11.154290915058581,
        5.255262877350383,
        15.999298494223034,
        10.323887328888347,
        7.7568282811183025,
        14.408330424958866,
        16.199176232022694,
        9.541237646316247,
        15.667488567466037,
        9.652025901897192,
        14.05522314801072,
        16.169405204003116,
        14.282853087739632,
        10.327977666311146,
        7.387107899678476,
        9.585789242899473,
        15.065209952051617,
        6.273507709905804,
        12.37803895523837,
        10.910831064690193,
        7.493025900992135,
        12.937093245866766,
        7.42033330059332,
        14.02479207354487,
        18.638346733645253,
        9.885207737926814,
        11.201406514936625,
        16.656283447268674,
        12.877301850532705,
        10.78952432999526,
        12.95803989544262,
        8.362011676860035,
        8.682940478134245,
        10.045806150888115,
        9.16793758506373,
        15.820021044206696,
        13.013868423966453,
        12.178481747380584,
        17.790210693802855,
        9.404981093975747,
        4.939045629653195,
        13.236837692969802,
        12.821307396936081,
        11.523887459765847,
        13.807131254360264,
        7.21703606542334,
        15.461682371958025,
        14.612811504102794,
        8.081679880327668,
        14.727663284277298,
        13.604545042007913,
        8.59007852769605,
        12.223272708026643,
        11.854875624667148,
        10.715898131596873,
        11.679598618578286,
        7.550048710776357,
        8.748362048858276,
        16.40300833196628,
        11.194767565684671,
        11.19115208691563,
        7.162497735642482,
        10.080322208843578,
        6.766293341141075,
        12.94694352652762,
        11.85933728260895,
        14.025136122462374,
        12.13352700593684,
        6.387811506918226,
        10.479058800312048,
        6.832258347971313,
        14.091269913264014,
        13.689335521190536,
        10.720316215126015,
        7.206150096448383,
        9.59754615665435,
        11.767767643636306,
        13.742855220995324
      ]
    },
    "Lasso": {
      "best_params": {
        "max_iter": 1000,
        "alpha": 0.1
      },
      "best_cv_score": 0.8572396393191731,
      "test_mse": 3.084927675155182,
      "test_mae": 1.0187390757567882,
      "test_r2": 0.7870619636701819,
      "test_rmse": 1.7563962181567068,
      "test_mape": 11.619055604283755,
      "max_error": 9.21186515488369,
      "predictions": [
        11.054411178596922,
        10.857492891838104,
        11.822628025961317,
        15.072331259987433,
        7.0720579415987785,
        16.57253654949751,
        15.675535018633752,
        10.787014058667767,
        10.978862816644558,
        11.67298867602297,
        7.300203036092531,
        5.991744675947693,
        16.140228169461828,
        10.182961535036943,
        9.213245230753099,
        15.115350966313626,
        18.495941823643545,
        13.767343781314201,
        12.400970707297953,
        8.1381906032284,
        11.175890438637577,
        11.286749716347048,
        16.43057227955795,
        6.22382398370838,
        10.521461586789526,
        9.488891361705573,
        15.44747807653517,
        -0.07513031762318434,
        4.686721379098814,
        8.235149400313594,
        15.026318754384512,
        13.249756123821879,
        10.006862900810308,
        12.478709071921593,
        12.691771517558127,
        9.750623051196474,
        13.250367977678497,
        8.743158609719496,
        12.178832691488171,
        9.864898630870748,
        15.623046155813824,
        11.257723226222378,
        14.10725089656071,
        8.749777542260087,
        7.9669163815647455,
        17.264874348684494,
        9.305931016262766,
        -0.1083614021382413,
        11.107097523162047,
        9.0672006978534,
        4.489877860342575,
        8.536715096623555,
        8.54357987833459,
        5.330824307895531,
        12.509621744685962,
        10.87951715206849,
        10.941470192481502,
        6.6425500590553685,
        10.447907522750798,
        11.829492807672352,
        14.57591909774099,
        4.618112566860063,
        12.550617820189206,
        15.443122810507358,
        5.842086046926868,
        8.500357625530755,
        -0.44122628772038297,
        9.92469547059223,
        15.07100225553877,
        14.409486453746926,
        9.811228924422835,
        15.785780277154949,
        14.54909387377725,
        15.072331259987433,
        14.0611836202613,
        13.283271786649978,
        10.94276266272589,
        10.897259317188965,
        15.439428668774381,
        6.790956688346465,
        13.000151492497936,
        9.796460764074741,
        12.31875535398574,
        8.451991560410363,
        11.251301117347744,
        9.027631989306684,
        10.102393680492119,
        14.782346184124355,
        12.929672659327599,
        14.68054207537752,
        12.632822801753486,
        12.14856958200842,
        11.039473103851165,
        9.661361275846218,
        7.402964811443717,
        12.742449358815708,
        6.677138490526009,
        11.012378479472657,
        13.675246780061581,
        9.554524971583081,
        16.4732329516511,
        8.721699072889308,
        15.946140087238902,
        6.055478896210902,
        9.836227189425601,
        8.778480990467322,
        11.074763194281093,
        11.69819424824654,
        12.826079073102179,
        17.861825179476398,
        11.795922374147763,
        16.164639726332755,
        14.068048401972334,
        10.186431894154433,
        16.76849049516511,
        13.555689040239255,
        15.339415292791287,
        11.268847892507633,
        7.369120408483764,
        11.067895028573671,
        7.832842835657878,
        12.562515314935023,
        12.699272489353207,
        12.07508404466018,
        9.246429918500118,
        9.860114079475352,
        13.025624423664238,
        16.733210797503887,
        7.248396446859596,
        7.775172088221362,
        10.200767977422768,
        10.585472096975233,
        5.48530696577118,
        15.517622908139892,
        10.564628528717398,
        8.489469870373384,
        14.64724669589583,
        15.989180840679005,
        9.159052862708416,
        15.985342581827277,
        10.006862900810308,
        14.2784505387079,
        15.751280862331313,
        14.589069837893849,
        10.1940862013222,
        7.805998357617831,
        9.114737584656636,
        14.56668883564217,
        7.426514819683652,
        11.981718086405937,
        10.665644133861315,
        7.903582700953484,
        12.686932809714694,
        7.882060262020564,
        13.349125162355417,
        18.23687426451874,
        9.579757776390624,
        11.361286708643007,
        16.325212145727583,
        12.679885022393188,
        10.971998034933522,
        12.624126887781378,
        9.21186515488369,
        9.623135029642583,
        10.1940862013222,
        9.25442399836529,
        15.5155813006979,
        12.600078996728046,
        12.514088115238795,
        17.546816692885773,
        8.761465498240167,
        4.819065430794026,
        13.011169814788186,
        12.737429151608543,
        11.1931418351055,
        13.603693969612381,
        7.570402012549581,
        14.686347361872656,
        15.026318754384512,
        9.074019617595109,
        15.019178634259543,
        13.38869387090213,
        8.39737242081698,
        11.861775749853201,
        11.472827279300905,
        10.207815764744272,
        11.641884972176175,
        8.029463102313875,
        7.981564693753391,
        16.140228169461828,
        11.084834281508158,
        10.688189260889573,
        7.2226991782334995,
        10.28150732759809,
        7.594005323693427,
        13.422121112936344,
        11.390034811703618,
        14.034111754489405,
        11.765432076867935,
        7.293338254381496,
        10.200767977422768,
        7.1719683295750425,
        14.109856434765188,
        13.38869387090213,
        10.889830604715444,
        7.553645926268201,
        9.869970145168436,
        11.925389801312502,
        13.397593924134926
      ]
    },
    "ElasticNet": {
      "best_params": {
        "max_iter": 1000,
        "l1_ratio": 0.9,
        "alpha": 0.1
      },
      "best_cv_score": 0.857881561485514,
      "test_mse": 3.0717411970970816,
      "test_mae": 1.0210210721785362,
      "test_r2": 0.787972164180363,
      "test_rmse": 1.752638353196997,
      "test_mape": 11.62454725428207,
      "max_error": 9.117515819507268,
      "predictions": [
        11.050088295486146,
        10.834536545810618,
        11.780754431872802,
        15.043152696124434,
        6.957585189149363,
        16.566161784805495,
        15.6929976953979,
        10.778038468678645,
        10.96849564861566,
        11.683393436017319,
        7.258462111374474,
        6.102607024786816,
        16.096934976973934,
        10.20845609638531,
        9.246819351762158,
        15.12624845496762,
        18.539538249388993,
        13.77378360919259,
        12.383297304589604,
        8.13854587922252,
        11.190237929688246,
        11.28010148742297,
        16.48575840174555,
        6.233400343525761,
        10.499333198658308,
        9.544920713376431,
        15.506796954638034,
        0.3133021696446683,
        4.666091632778792,
        8.18797715300581,
        15.029017227105115,
        13.251294923609013,
        10.025944134475393,
        12.517856687330658,
        12.800576652866349,
        9.685562713636815,
        13.229660897367214,
        8.688400967722057,
        12.196021564457244,
        9.824154701301786,
        15.63127238140505,
        11.285576829372863,
        14.048938661222953,
        8.747703398320166,
        7.942303343392698,
        17.185155665926512,
        9.366970598446935,
        -0.23189615134887198,
        11.118737809886118,
        9.119888883542387,
        4.485341214290697,
        8.53790093981225,
        8.569862046642223,
        5.3258187999187845,
        12.538139838733933,
        10.82741477923743,
        10.939287210287784,
        6.5568491168109535,
        10.435636138024162,
        11.789149999142746,
        14.609272655326812,
        4.634756354682609,
        12.555963864054027,
        15.464037178968457,
        5.976176873298782,
        8.554239131609302,
        -0.48444646821935855,
        9.948012101611479,
        15.136124725201975,
        14.469347661686982,
        9.787965089176492,
        15.771508779295281,
        14.568286740663055,
        15.036495527442508,
        14.010943724600022,
        13.281170930102409,
        10.94846532030182,
        10.899923226377808,
        15.4662695280183,
        6.740630389011671,
        12.947637788242126,
        9.799281069511752,
        12.323739717351105,
        8.449435952532632,
        11.323499325017549,
        8.989056212761078,
        10.094904639293365,
        14.718551000471573,
        12.929295889107559,
        14.66425986522628,
        12.615514551125532,
        12.145583912392743,
        11.060206738511928,
        9.621731153838999,
        7.456568861419168,
        12.68639398586657,
        6.574522303922586,
        10.99313371660665,
        13.60124280545581,
        9.562054978748735,
        16.52430272976966,
        8.715168775918494,
        15.827118327564776,
        6.156173529169459,
        9.853050902969837,
        8.676487630524461,
        11.06011120100046,
        11.780308492913157,
        12.73327916106067,
        17.81338257386254,
        11.788800499857091,
        16.029897231100534,
        14.001984212468326,
        10.213267166483504,
        16.783963910012435,
        13.600226749988213,
        15.369261007919535,
        11.291657671390972,
        7.346530540985873,
        11.069807767433453,
        7.755854992259804,
        12.446282659586851,
        12.653601533444737,
        12.079855446573127,
        9.253587702445651,
        9.843837942658306,
        13.005839611065129,
        16.70781663914557,
        7.315612790583964,
        7.758442731670165,
        10.210497808342481,
        10.662709943591384,
        5.399590433682227,
        15.537754393087512,
        10.425601655223353,
        8.443132728065251,
        14.591151892198013,
        15.904410317204073,
        9.246211719250708,
        15.890760018534305,
        10.020726638671018,
        14.253967150484376,
        15.782882759259877,
        14.449005135705976,
        10.201523808785668,
        7.754142191942416,
        9.085485380481183,
        14.601422539190226,
        7.1364543509686165,
        11.927558380768835,
        10.64561093774236,
        7.951510230972113,
        12.61793255340251,
        7.832016888798852,
        13.357203155878715,
        18.213355508637157,
        9.553842839893331,
        11.415076081021903,
        16.283433001517704,
        12.570912575778605,
        10.96271903805218,
        12.67654801382936,
        9.117515819507268,
        9.531667078425775,
        10.194488857811058,
        9.272176975232815,
        15.524051839722276,
        12.673418390267699,
        12.517021092183267,
        17.641253215656068,
        8.760344020608935,
        4.822562591123936,
        13.031426124436953,
        12.627487390985404,
        11.192220562574526,
        13.561448804574674,
        7.655873725936896,
        14.758128419099293,
        15.024933078178787,
        9.079550762301215,
        14.971857105684094,
        13.405206726116434,
        8.411454738008953,
        11.86632681018944,
        11.575003676946409,
        10.248869496909329,
        11.644566829916167,
        7.963495109451298,
        8.000196235873183,
        16.099814322729035,
        10.989701367473062,
        10.760122543221154,
        7.229455004935899,
        10.191581254679155,
        7.483075523313266,
        13.417888868416814,
        11.408519303049014,
        13.998914365215498,
        11.823209721719087,
        7.216395286606125,
        10.212999371804898,
        7.109731079274746,
        14.104772518767817,
        13.40464005267741,
        10.866593867078855,
        7.516139811240893,
        9.866787508195515,
        11.89308708387863,
        13.384334334389102
      ]
    },
    "DecisionTree": {
      "best_params": {
        "min_samples_split": 20,
        "min_samples_leaf": 10,
        "max_depth": 5
      },
      "best_cv_score": 0.8577214781501407,
      "test_mse": 3.4977256165148893,
      "test_mae": 1.0556189386995356,
      "test_r2": 0.7585684648623999,
      "test_rmse": 1.8702207400504598,
      "test_mape": 13.075096293124439,
      "max_error": 10.229166666666666,
      "predictions": [
        11.3,
        11.174603174603174,
        12.633802816901408,
        15.403846153846153,
        3.9166666666666665,
        16.0,
        15.403846153846153,
        11.8,
        11.174603174603174,
        11.91891891891892,
        2.6,
        0.0,
        16.0,
        10.229166666666666,
        9.402298850574713,
        15.403846153846153,
        17.8,
        12.98,
        12.633802816901408,
        8.156862745098039,
        11.3,
        11.174603174603174,
        16.0,
        2.6,
        10.714285714285714,
        9.402298850574713,
        15.403846153846153,
        0.0,
        6.0,
        7.294117647058823,
        15.403846153846153,
        12.98,
        10.229166666666666,
        12.633802816901408,
        12.633802816901408,
        10.229166666666666,
        12.98,
        9.402298850574713,
        12.633802816901408,
        10.229166666666666,
        15.403846153846153,
        11.174603174603174,
        14.76923076923077,
        9.402298850574713,
        8.156862745098039,
        17.6,
        9.402298850574713,
        0.0,
        11.3,
        9.402298850574713,
        6.0,
        9.402298850574713,
        9.402298850574713,
        0.0,
        12.633802816901408,
        10.714285714285714,
        10.714285714285714,
        7.294117647058823,
        10.229166666666666,
        12.633802816901408,
        14.76923076923077,
        6.0,
        12.633802816901408,
        15.403846153846153,
        6.0,
        8.156862745098039,
        0.0,
        9.545454545454545,
        15.403846153846153,
        14.76923076923077,
        10.229166666666666,
        15.403846153846153,
        14.125,
        15.403846153846153,
        14.125,
        12.98,
        11.174603174603174,
        10.714285714285714,
        15.403846153846153,
        8.156862745098039,
        12.98,
        10.229166666666666,
        12.633802816901408,
        8.156862745098039,
        11.8,
        9.402298850574713,
        10.229166666666666,
        15.403846153846153,
        13.466666666666667,
        14.76923076923077,
        13.466666666666667,
        11.91891891891892,
        11.3,
        10.229166666666666,
        8.156862745098039,
        12.98,
        8.156862745098039,
        11.174603174603174,
        14.125,
        9.402298850574713,
        16.0,
        8.181818181818182,
        16.0,
        6.0,
        9.545454545454545,
        9.402298850574713,
        11.174603174603174,
        11.8,
        12.98,
        17.6,
        11.91891891891892,
        16.0,
        14.125,
        10.478260869565217,
        16.0,
        12.98,
        15.403846153846153,
        11.174603174603174,
        8.156862745098039,
        11.174603174603174,
        8.181818181818182,
        12.98,
        13.466666666666667,
        12.633802816901408,
        9.402298850574713,
        9.545454545454545,
        13.466666666666667,
        16.90909090909091,
        8.156862745098039,
        8.181818181818182,
        10.229166666666666,
        11.2,
        7.294117647058823,
        15.403846153846153,
        11.174603174603174,
        2.6,
        15.403846153846153,
        16.0,
        9.402298850574713,
        16.0,
        9.545454545454545,
        14.76923076923077,
        15.403846153846153,
        15.403846153846153,
        10.229166666666666,
        8.156862745098039,
        9.402298850574713,
        14.125,
        7.294117647058823,
        12.633802816901408,
        10.714285714285714,
        8.156862745098039,
        12.98,
        8.156862745098039,
        13.466666666666667,
        17.8,
        10.229166666666666,
        11.174603174603174,
        16.0,
        12.98,
        11.8,
        12.633802816901408,
        10.229166666666666,
        10.229166666666666,
        10.229166666666666,
        9.402298850574713,
        15.403846153846153,
        12.633802816901408,
        12.633802816901408,
        16.90909090909091,
        9.402298850574713,
        6.0,
        13.466666666666667,
        12.98,
        11.174603174603174,
        14.125,
        2.6,
        14.76923076923077,
        15.403846153846153,
        9.402298850574713,
        15.403846153846153,
        13.466666666666667,
        8.156862745098039,
        11.91891891891892,
        11.3,
        10.229166666666666,
        11.174603174603174,
        2.6,
        7.294117647058823,
        16.0,
        11.174603174603174,
        10.478260869565217,
        8.156862745098039,
        10.229166666666666,
        3.9166666666666665,
        12.98,
        11.174603174603174,
        14.76923076923077,
        11.8,
        2.6,
        10.229166666666666,
        2.6,
        14.76923076923077,
        13.466666666666667,
        11.174603174603174,
        8.156862745098039,
        9.545454545454545,
        12.633802816901408,
        12.98
      ]
    },
    "RandomForest": {
      "best_params": {
        "n_estimators": 200,
        "min_samples_split": 2,
        "max_depth": 20
      },
      "best_cv_score": 0.8768350947875478,
      "test_mse": 3.203061450038079,
      "test_mae": 1.0528363354911343,
      "test_r2": 0.7789077452583912,
      "test_rmse": 1.789709878734003,
      "test_mape": 12.886735915432606,
      "max_error": 9.925,
      "predictions": [
        11.02,
        11.225,
        13.095,
        15.2,
        3.785,
        16.25,
        15.18,
        11.31,
        11.37,
        12.6,
        3.98,
        1.91,
        15.9,
        10.485,
        9.075,
        15.6,
        18.305,
        12.99,
        12.46,
        9.065,
        11.09,
        11.19,
        15.785,
        3.985,
        10.545,
        9.62,
        15.75,
        0.43,
        5.235,
        7.82,
        15.815,
        12.75,
        10.270294117647058,
        12.53,
        12.775,
        9.555,
        13.575,
        9.29,
        12.39,
        10.090294117647058,
        15.68,
        11.37,
        14.75,
        9.905,
        7.605,
        17.62,
        9.105,
        0.845,
        11.38,
        9.75,
        5.83,
        9.285294117647059,
        9.465294117647058,
        2.77,
        12.705,
        10.745,
        10.655,
        6.97,
        10.2,
        12.35,
        14.575,
        5.75,
        13.13,
        15.56,
        6.01,
        8.405,
        0.875,
        10.375294117647059,
        15.505,
        15.145,
        10.19,
        15.155,
        14.565,
        15.17,
        14.265,
        13.22,
        10.985,
        10.785,
        15.385,
        7.85,
        13.31,
        10.2,
        12.5,
        7.97,
        11.365,
        8.930294117647058,
        9.92,
        15.435,
        13.135,
        14.605,
        13.29,
        11.685,
        11.26,
        9.99,
        6.99,
        12.99,
        8.055,
        11.115,
        14.465,
        9.49,
        16.21,
        8.75529411764706,
        15.805,
        5.81,
        10.5625,
        8.98,
        10.875,
        11.275,
        12.93,
        17.695,
        12.1,
        15.81,
        14.81,
        10.14,
        16.07,
        12.99,
        15.39,
        11.545,
        7.64,
        11.16,
        4.265,
        12.85,
        12.94,
        12.825,
        8.67,
        9.855,
        13.37,
        17.635,
        7.95,
        4.845,
        10.19,
        10.83,
        6.865,
        15.825,
        10.63,
        7.270294117647058,
        15.43,
        15.905,
        9.865,
        15.86,
        10.315,
        14.71,
        15.715,
        15.075,
        9.94,
        7.33,
        8.88,
        14.38,
        5.93,
        12.82,
        10.655,
        7.175,
        12.91,
        8.515,
        13.545,
        17.57,
        10.1975,
        11.16,
        15.955,
        12.615,
        11.39,
        12.835,
        9.925,
        9.825,
        10.1,
        10.26,
        15.385,
        12.52,
        12.645,
        17.7,
        9.745,
        5.725,
        12.93,
        12.605,
        11.065,
        14.27,
        5.195,
        15.025,
        15.71,
        8.635,
        15.93,
        13.565,
        8.98,
        11.88,
        11.435,
        10.430294117647058,
        11.385,
        6.65,
        7.83,
        15.975,
        10.66,
        11.15,
        7.345,
        10.24,
        4.805,
        13.03,
        11.245,
        14.425,
        11.345,
        3.22,
        9.7775,
        4.875,
        15.025,
        13.185,
        11.085,
        8.445,
        10.44,
        12.605,
        13.215
      ]
    },
    "GradientBoosting": {
      "best_params": {
        "learning_rate": 0.05,
        "max_depth": 5,
        "max_features": "sqrt",
        "min_samples_leaf": 4,
        "min_samples_split": 2,
        "n_estimators": 100,
        "subsample": 0.9
      },
      "best_cv_score": 0.8791321319862092,
      "test_r2": 0.809791117486668,
      "test_rmse": 1.660012154652781,
      "test_mae": 0.9973245789695215,
      "test_mape": 11.839704080916174,
      "max_error": 8.2829572209145,
      "predictions": [
        11.685104551086683,
        11.439624996956542,
        12.606204121186602,
        15.418215437871881,
        2.8413365486338105,
        16.24128850573058,
        15.448388318476377,
        11.520956503665927,
        11.26327752781562,
        12.548991671344185,
        5.342401375730421,
        2.860080537864492,
        15.63193460827168,
        10.442745937284018,
        9.529696950072147,
        15.714557733676347,
        17.04028857207761,
        13.068830308764474,
        11.685516612219493,
        8.783613187918835,
        11.3362954594168,
        10.62834992127001,
        16.06881374415445,
        3.618740213122459,
        10.702278830452446,
        9.720008473662268,
        15.388001704434048,
        0.13448890123738141,
        4.996634850498122,
        8.418713956875767,
        16.032903318399704,
        13.401752337835763,
        10.31082067979265,
        12.121172214770528,
        13.62942912020678,
        9.854334541040556,
        13.169032552677603,
        6.668153423603654,
        12.437213750456003,
        9.412452581623684,
        15.752729969522377,
        10.832091166355722,
        14.90343680683022,
        9.621044918492496,
        7.572715750167188,
        17.313226175252037,
        9.470043527436056,
        0.3532387653262996,
        11.902034209627178,
        9.6409483259555,
        6.102184045637861,
        9.196009875598916,
        8.842624760500849,
        2.0914851251234063,
        12.59482197811721,
        10.977983866994219,
        10.57575633084099,
        7.130666933266127,
        10.308424289426512,
        12.657742976956781,
        14.910739328807098,
        5.8797408527120325,
        12.66720469408306,
        15.596560316871672,
        6.395281128426035,
        9.116263099107945,
        -0.12701866732894468,
        10.554387162118102,
        14.637325609093496,
        13.773419658002018,
        10.34045886788541,
        15.710433564329911,
        13.803414677895384,
        14.963455411972516,
        13.91303073419747,
        13.246965463107152,
        10.799351613601278,
        11.074917287928063,
        15.100708999657543,
        7.85085179289857,
        13.326521466534423,
        10.136893933154377,
        12.146836641459842,
        8.518188527992343,
        11.98500976062271,
        9.060677103728773,
        10.096671444018536,
        15.052803986203893,
        12.79025851661993,
        14.646751963873522,
        12.9472174281624,
        11.792982002792298,
        11.042598487494905,
        10.062924786071992,
        5.547462879513928,
        12.7147280048624,
        8.640208296301095,
        11.142207694538275,
        14.309417017411253,
        10.228291956128144,
        16.086957085954623,
        8.93455594477198,
        15.873205920233568,
        6.270687341782083,
        10.24063557049111,
        8.743241296663262,
        10.953900228167551,
        11.795706342700164,
        12.619781679912112,
        17.33060773090062,
        12.708873763281018,
        15.415623568032025,
        14.20955094867245,
        10.814248616139674,
        16.29453796032448,
        13.383306317069625,
        15.1774781710804,
        11.631260542999218,
        7.489730984191919,
        11.19323661379577,
        4.679578151851488,
        11.375687597166998,
        12.391831758629078,
        11.936112499215772,
        9.329505819986736,
        9.924750860744497,
        13.35566785785902,
        17.309657246521716,
        8.043331496040055,
        6.624859737158959,
        10.487865301244552,
        11.142425870654224,
        6.917696945702631,
        15.513466070708168,
        9.842935470673991,
        6.15456658248004,
        15.521209570807924,
        15.59945981585171,
        10.075068361857047,
        15.889605517424414,
        10.489701553557131,
        14.484458039283407,
        15.496961671383705,
        14.072392585727357,
        10.685695843416758,
        7.611857737650745,
        9.302940056881264,
        14.198315320576038,
        6.406192501478903,
        11.754889198016988,
        10.979990528954264,
        7.564979949674984,
        12.850528979236309,
        8.402973742503024,
        13.358280352103533,
        17.664147343106883,
        10.282793283514682,
        11.348518586118187,
        16.16172973941086,
        12.855188767511127,
        11.203384988291843,
        12.74440863752013,
        8.2829572209145,
        9.37364461155852,
        10.531959851940275,
        10.16778955100035,
        15.690056923177854,
        12.928151485826307,
        12.680576854710502,
        17.182580780724127,
        9.542126502819954,
        5.775203026574431,
        12.754335794627872,
        12.631935337034058,
        10.955540873475382,
        13.733341452452535,
        6.606493248868003,
        15.253628109688647,
        15.8590731639402,
        7.701608134096605,
        15.503700470965773,
        13.356806810810728,
        9.164088051238675,
        12.148728065896782,
        12.07660665045793,
        10.579169289894221,
        11.011509787888532,
        7.439367705189715,
        8.13006784169877,
        15.70983390763762,
        10.262591110674899,
        11.458384085747845,
        7.411555544826694,
        10.822173210789526,
        5.323694314446802,
        13.0747258987885,
        11.103680710075334,
        14.404877201895081,
        11.634363650245751,
        3.0257354345871166,
        10.387983067165672,
        5.954291002722451,
        14.74729327754997,
        13.081428200000204,
        11.229888769764099,
        8.342445230487375,
        9.14092212568039,
        12.397899092272848,
        13.6342612818148
      ]
    },
    "AdaBoost": {
      "best_params": {
        "n_estimators": 100,
        "learning_rate": 0.1
      },
      "best_cv_score": 0.8509217095990124,
      "test_mse": 3.1939308219945257,
      "test_mae": 1.1355755369905223,
      "test_r2": 0.77953798953339,
      "test_rmse": 1.7871571900631813,
      "test_mape": 13.028330326870766,
      "max_error": 7.648725212464589,
      "predictions": [
        11.23076923076923,
        11.21505376344086,
        12.65079365079365,
        15.216494845360824,
        2.6194690265486726,
        15.272727272727273,
        15.217391304347826,
        11.23076923076923,
        11.227272727272727,
        12.739795918367347,
        3.0573065902578795,
        3.0573065902578795,
        15.296875,
        9.724770642201834,
        9.45945945945946,
        15.268292682926829,
        17.764705882352942,
        12.829268292682928,
        12.638297872340425,
        8.753623188405797,
        11.25,
        10.589622641509434,
        15.272727272727273,
        2.879120879120879,
        10.217105263157896,
        9.548672566371682,
        15.272727272727273,
        2.3035714285714284,
        6.75,
        7.617647058823529,
        15.268292682926829,
        12.829268292682928,
        9.20625,
        12.739795918367347,
        12.762820512820513,
        9.578680203045685,
        12.829268292682928,
        7.542253521126761,
        12.644736842105264,
        9.20625,
        15.242857142857142,
        11.21505376344086,
        15.161290322580646,
        9.22,
        8.369791666666666,
        17.70731707317073,
        9.554347826086957,
        2.569060773480663,
        11.239583333333334,
        7.2631578947368425,
        6.806451612903226,
        9.339130434782609,
        9.341463414634147,
        2.3566433566433567,
        12.739795918367347,
        11.227272727272727,
        11.227272727272727,
        7.292929292929293,
        9.709302325581396,
        12.644736842105264,
        15.161290322580646,
        6.806451612903226,
        12.739795918367347,
        15.272727272727273,
        6.806451612903226,
        8.818181818181818,
        1.9627659574468086,
        9.027667984189723,
        15.176991150442477,
        15.166666666666666,
        9.554347826086957,
        15.217391304347826,
        15.05,
        15.216494845360824,
        15.055555555555555,
        12.818791946308725,
        11.239583333333334,
        11.227272727272727,
        15.268292682926829,
        7.311111111111111,
        12.818791946308725,
        9.027667984189723,
        12.638297872340425,
        8.818181818181818,
        11.25,
        9.54368932038835,
        9.724770642201834,
        15.216494845360824,
        12.822033898305085,
        15.161290322580646,
        12.822033898305085,
        12.739795918367347,
        11.227272727272727,
        9.027667984189723,
        3.3512747875354107,
        12.818791946308725,
        7.4625,
        10.589622641509434,
        15.055555555555555,
        9.525252525252526,
        15.296875,
        7.382113821138211,
        15.223529411764705,
        6.931034482758621,
        9.567307692307692,
        9.091954022988507,
        10.589622641509434,
        11.25,
        12.739795918367347,
        17.714285714285715,
        12.739795918367347,
        15.216494845360824,
        15.05,
        11.062992125984252,
        15.296875,
        12.844311377245509,
        15.272727272727273,
        11.227272727272727,
        7.292929292929293,
        11.227272727272727,
        5.403022670025189,
        10.751515151515152,
        12.727272727272727,
        12.739795918367347,
        9.420689655172414,
        8.36111111111111,
        12.822033898305085,
        17.714285714285715,
        7.155555555555556,
        5.182352941176471,
        9.724770642201834,
        11.062992125984252,
        6.931034482758621,
        15.216494845360824,
        10.30718954248366,
        5.277272727272727,
        15.242857142857142,
        15.223529411764705,
        9.22,
        15.296875,
        9.091954022988507,
        15.161290322580646,
        15.268292682926829,
        15.055555555555555,
        9.683333333333334,
        7.695652173913044,
        9.20625,
        15.055555555555555,
        7.397435897435898,
        12.554545454545455,
        11.21505376344086,
        5.82200647249191,
        12.792746113989637,
        7.616279069767442,
        12.796610169491526,
        17.764705882352942,
        9.578680203045685,
        11.227272727272727,
        15.296875,
        12.727272727272727,
        11.23076923076923,
        12.742990654205608,
        6.669421487603306,
        7.90406976744186,
        9.693877551020408,
        9.45945945945946,
        15.242857142857142,
        12.739795918367347,
        12.655367231638419,
        17.714285714285715,
        9.341463414634147,
        6.765625,
        12.818791946308725,
        12.727272727272727,
        11.21505376344086,
        15.03448275862069,
        5.4010989010989015,
        15.174825174825175,
        15.268292682926829,
        7.2631578947368425,
        15.242857142857142,
        12.818791946308725,
        9.027667984189723,
        12.739795918367347,
        11.25,
        9.724770642201834,
        11.227272727272727,
        5.607142857142857,
        7.382352941176471,
        15.296875,
        10.381294964028777,
        11.062992125984252,
        7.382352941176471,
        9.663366336633663,
        4.201680672268908,
        12.822033898305085,
        11.227272727272727,
        15.161290322580646,
        11.25,
        2.9851851851851854,
        9.738805970149254,
        3.235294117647059,
        15.174825174825175,
        12.818791946308725,
        11.227272727272727,
        7.695652173913044,
        8.40983606557377,
        12.638297872340425,
        12.822033898305085
      ]
    },
    "SVR": {
      "best_params": {
        "kernel": "linear",
        "gamma": "scale",
        "C": 1
      },
      "best_cv_score": 0.839360150173777,
      "test_mse": 3.2391015148143016,
      "test_mae": 0.995290516109525,
      "test_r2": 0.7764200692313472,
      "test_rmse": 1.7997504034766325,
      "test_mape": 11.271185791026532,
      "max_error": 9.926226302642458,
      "predictions": [
        11.603650612171517,
        11.088735115985562,
        12.220472461263016,
        15.140682859317355,
        7.754938342615219,
        16.12996361503074,
        15.438851521801215,
        11.24349031229124,
        11.065198695250345,
        12.079034104843478,
        7.9316533746539895,
        6.1922440459851344,
        15.828975467495855,
        10.276175727976609,
        9.284388520213628,
        15.154084621567144,
        17.664926964887158,
        13.312825165782403,
        12.357684374966501,
        8.466106012694107,
        11.333030196208885,
        10.998855626943229,
        16.249848669430484,
        6.843494105587132,
        10.730039738840697,
        9.235977862340757,
        15.235940465955423,
        0.04988521018113801,
        4.928173755878891,
        8.671402262774851,
        15.100004264463116,
        13.278352140064543,
        9.97457246162856,
        12.160275737932599,
        12.570124906269726,
        9.660647201906222,
        13.330216507332516,
        8.881068227599519,
        12.236593256331162,
        9.895342840431887,
        15.182180045006735,
        11.125584842852417,
        14.063218476157159,
        9.13363548348242,
        7.983167141960494,
        17.02351375018,
        9.403407523939094,
        -0.15983535237212187,
        11.213030933827223,
        8.994463788599251,
        5.184201024580076,
        8.994880241763736,
        8.744889539001543,
        5.891004034888397,
        12.403007059587267,
        11.044693212639883,
        11.413038894234143,
        6.6784795309988265,
        10.504540268931017,
        12.154402039197848,
        14.471759707495908,
        5.18578514406038,
        12.363798392058927,
        15.225757827991208,
        6.207957016105977,
        8.591675688290632,
        0.12975547042010227,
        10.171649805986329,
        15.129723197213158,
        14.242379568614416,
        9.985465972982455,
        15.37356530047057,
        14.293198732311827,
        15.016825157018502,
        13.961268530356726,
        13.363838243466297,
        11.553057591303645,
        11.303917697480097,
        15.375927668761848,
        7.061855724226306,
        13.260443552663792,
        10.162112541820317,
        12.049085348050532,
        8.288453910351794,
        11.547979636595835,
        8.934011757173957,
        10.372762198964887,
        14.786566891993058,
        13.20233683089082,
        14.410954933840747,
        12.985786382598917,
        11.947480907594466,
        11.261747170574182,
        9.985922645585775,
        7.956255023752229,
        12.73221434989413,
        7.120827077244128,
        11.32511619438555,
        14.033713080126157,
        9.814676785127586,
        16.202714726184123,
        9.04315645956169,
        15.892314064033828,
        6.245499778757322,
        10.189668895875933,
        9.157073756736082,
        11.211486571840954,
        11.635157963114809,
        12.738486639842623,
        17.327705527527357,
        12.012987576842852,
        15.976368255049213,
        14.23137826333793,
        10.352384041270268,
        16.252134787213038,
        13.335624467176439,
        15.062104402234592,
        11.176955539019957,
        7.630496872459934,
        11.059265565124733,
        7.959245671201653,
        12.728630666440509,
        12.9475609616345,
        12.205408133501468,
        8.935807306457225,
        10.194337722877153,
        13.18305229559669,
        16.904984124285,
        7.894445241694401,
        8.074110844672262,
        10.33573441776076,
        10.524880266818208,
        6.203208564407285,
        15.157040412733256,
        10.737499475929488,
        8.96148982894064,
        14.768863311783216,
        15.910320909338484,
        9.527901879431933,
        15.872550770263961,
        9.968877102486378,
        13.861636203333292,
        15.481399303242993,
        14.628281917626682,
        10.410747298748449,
        8.237189633418906,
        9.209297181842071,
        14.450409927492439,
        7.068891890444384,
        12.176917689480362,
        11.098156389466478,
        7.94501785150276,
        12.877113856871453,
        8.053502881293165,
        13.215101066001472,
        18.074316795847196,
        9.880193943124047,
        11.139818817184835,
        16.127942412294054,
        12.834281916640373,
        11.334392966698063,
        12.530132121297324,
        9.926226302642458,
        9.953793343676912,
        10.028812510167986,
        9.448085736065902,
        15.378328160575613,
        12.336441588734221,
        12.052906759424193,
        17.252252294765576,
        9.258007200090026,
        5.122943671547734,
        13.13367656968183,
        12.770839983703786,
        11.256319514995852,
        14.0850084857463,
        8.02065987101215,
        14.423516676969959,
        15.11784950769813,
        8.856680585771105,
        14.75918584459494,
        13.13277399380461,
        8.460801713862315,
        12.284550290992593,
        11.562914416819007,
        10.233125242440842,
        11.457640076571002,
        8.772599684360294,
        8.233457866649236,
        16.05221871018845,
        10.919533622108567,
        10.892431285728696,
        7.263823607161105,
        9.7597702530056,
        8.24326849283217,
        13.184678614240527,
        11.437895705063845,
        13.89893065146189,
        11.879853121304588,
        7.94650976320398,
        10.011340711491806,
        7.92213240076284,
        14.01084039455674,
        13.093040061251592,
        11.204797158324679,
        8.20615485086382,
        10.070252637676507,
        12.090161518311115,
        13.266219092674564
      ]
    },
    "KNN": {
      "best_params": {
        "weights": "distance",
        "n_neighbors": 11
      },
      "best_cv_score": 0.6858951333619522,
      "test_mse": 4.740472023648143,
      "test_mae": 1.3976300543958804,
      "test_r2": 0.6727875301189039,
      "test_rmse": 2.177262506830112,
      "test_mape": 16.222790778844782,
      "max_error": 10.81239374818096,
      "predictions": [
        12.499431383628547,
        11.85462489065274,
        12.402050876888275,
        13.999248301600177,
        7.280036400736022,
        15.182607166536393,
        14.58686335789411,
        10.833262297783149,
        11.739087145468972,
        12.011686629720643,
        8.42686047028312,
        9.250244776412549,
        14.339787876172707,
        10.97076325796819,
        8.98866013388657,
        14.980092109744609,
        14.453422989662624,
        12.169183468033397,
        12.172812069646614,
        10.236700835852895,
        10.885239025269193,
        10.783870249585545,
        15.053374887242546,
        5.946958131587458,
        11.253452247270463,
        10.319181910493548,
        14.169720647815844,
        0.0,
        7.880028546622099,
        8.120141432454975,
        14.269324216997969,
        13.830811017355666,
        10.603026317041424,
        12.102925684488907,
        12.357872779623474,
        10.355319423295049,
        13.349906577072016,
        6.008635608431645,
        13.0917542956355,
        9.247838136370468,
        13.995455903773019,
        10.76613230213843,
        14.637784212879687,
        9.908566860582086,
        9.683830101784197,
        15.528139579827862,
        11.025269392201043,
        2.1880276451986767,
        12.639499923499976,
        11.26051922139158,
        8.787558907813699,
        9.894212381362209,
        8.944966006024758,
        6.831931041380816,
        13.1787968201898,
        11.693138301756658,
        10.608223345911432,
        8.428964019489564,
        9.793923510891796,
        13.574384345867125,
        13.899184533788356,
        9.573423594941124,
        12.460075743777038,
        14.85282656610937,
        8.244844436776331,
        11.758531327201467,
        0.6630180321913419,
        11.287311451265884,
        14.761897972456538,
        12.967720290999477,
        10.847063955063305,
        14.880123261373887,
        13.625185633594166,
        15.131664298836702,
        13.304389995337296,
        12.400426296063394,
        10.694499863101875,
        10.593805444081234,
        14.23732499647056,
        7.738433929497207,
        13.326234715561966,
        11.189261832196665,
        11.711331134037504,
        10.277041056514545,
        12.031473473894737,
        10.750881256177689,
        9.846114761411117,
        14.030069567509452,
        11.521611260979416,
        14.057639715712705,
        13.047264798515089,
        10.820337408751838,
        11.487735545529855,
        10.885067861629116,
        9.390113804927342,
        11.880697190187767,
        8.343323153282377,
        11.970018977829731,
        13.279137864903882,
        9.65216896103312,
        15.56872410051409,
        9.339233373441074,
        15.435483599507737,
        10.247805921205492,
        8.812177765360792,
        8.839228041686,
        10.275131925566422,
        11.216192853860516,
        11.915581315681953,
        14.552067083543117,
        14.090377829097466,
        13.361867344248319,
        13.753267838091787,
        10.774485916524725,
        15.915995558299636,
        12.306470786521722,
        14.044760884830081,
        12.179670710197056,
        10.42848905288557,
        9.962633410649026,
        8.45111060644688,
        10.136392634543975,
        10.435714932727326,
        11.807704455177879,
        9.815869226224757,
        11.25803794294236,
        13.074475638074716,
        16.10932320077325,
        10.237483967689014,
        10.026879483692062,
        10.231020566646992,
        11.826972055628605,
        8.78752357117775,
        15.257091884723772,
        6.539011150050555,
        10.773598124617555,
        14.712365921092196,
        15.54021386766204,
        10.987985011253603,
        15.38916180767347,
        10.57967226663772,
        12.239430512131031,
        13.752216828983407,
        12.313229521193671,
        10.77666060160341,
        10.687923197191829,
        10.032914089472293,
        14.419643937435525,
        6.260477927963268,
        13.073816910347091,
        11.18726112611592,
        8.823801470193013,
        12.555086097037288,
        8.634792901281287,
        12.547422201625444,
        16.75596735663272,
        11.210148049953524,
        11.215479401971976,
        15.586369110593843,
        13.04702470033639,
        11.416843469522927,
        12.922180705125639,
        10.230291156517586,
        10.204111722182192,
        11.278333601567198,
        11.822076481336738,
        13.308689510841619,
        13.514428926036109,
        11.852205725776583,
        16.53041448653108,
        9.506343939538327,
        8.453340107171792,
        12.835965638143728,
        11.903143399397868,
        11.135321172853587,
        13.302145702616244,
        9.683939586337084,
        14.232270980142253,
        14.386501605291853,
        7.243113833704968,
        13.87483304222059,
        14.376601839807412,
        10.079762228925125,
        12.916629384932632,
        13.18516191065801,
        11.546668107817181,
        10.685037972691202,
        9.585438491974845,
        9.0225328415286,
        14.885016072716486,
        9.393466494319258,
        12.101422715018856,
        7.902403086838681,
        8.451248412191719,
        10.108793927166287,
        11.186908314737641,
        11.523168899472099,
        13.178982820299604,
        12.189688905266388,
        10.329958353292275,
        10.270960727418489,
        9.034271333284043,
        14.920346948111444,
        12.072151260688196,
        12.6378955503059,
        10.062536645006285,
        11.81239374818096,
        12.378977922617311,
        12.288226469645533
      ]
    },
    "MLP": {
      "best_params": {
        "solver": "adam",
        "max_iter": 500,
        "hidden_layer_sizes": [
          50
        ],
        "alpha": 0.001,
        "activation": "tanh"
      },
      "best_cv_score": 0.8288336590939206,
      "test_mse": 3.2049107054699637,
      "test_mae": 1.2415475529419187,
      "test_r2": 0.7787800998605723,
      "test_rmse": 1.7902264397192786,
      "test_mape": 14.928859574649724,
      "max_error": 9.397244348189183,
      "predictions": [
        11.563044360957527,
        11.435693368959376,
        12.31380713880352,
        15.429203311365587,
        3.287896886999519,
        15.748163290040102,
        14.636695191898077,
        10.51908718502748,
        10.405475009371917,
        11.034308055830804,
        4.616541996429322,
        3.765295488486728,
        15.536858837063944,
        11.14389771100637,
        9.3033962283952,
        15.370981239655665,
        16.922493599097965,
        12.604852694627859,
        12.431065503805772,
        8.160305995637554,
        11.202426439269892,
        9.949869539606809,
        15.97214444717024,
        1.3923844540870485,
        10.047428362367082,
        9.596091064897513,
        15.336724685331612,
        -0.18120381719302125,
        4.972892209909422,
        10.170906846917157,
        15.51584973105972,
        13.689584524130234,
        10.214131387061506,
        11.349394245495958,
        13.73199665937127,
        9.938696477837585,
        14.60802840349114,
        5.701385984806733,
        13.084772274291486,
        10.507483526024805,
        15.398721246586357,
        10.669081582634456,
        15.233437002517483,
        9.722641765842221,
        7.239373916802134,
        16.06541734302948,
        9.601685966297875,
        -2.577329030724803,
        10.463159546729422,
        7.936452906724726,
        3.626199913621933,
        8.151720945266113,
        9.472204078094798,
        4.195991146843899,
        12.168260790111143,
        10.53400013695681,
        12.346017580344858,
        7.116997310106491,
        12.241541372670543,
        12.951123293212719,
        15.736478690011243,
        4.278558104903516,
        12.923835144555092,
        15.736873227803386,
        5.210114766355287,
        8.151089625204378,
        -0.7765289749844805,
        10.691128168370293,
        14.318771038597468,
        14.152787810675733,
        10.504639059626749,
        15.78382480208728,
        13.580643972120392,
        15.563277110265691,
        14.846839966660502,
        14.776680344970982,
        8.643227729733805,
        11.45285359728312,
        15.69113702962518,
        7.300716252971718,
        14.053432283300168,
        9.356498351021484,
        11.795386740019868,
        8.67761974947469,
        12.39524542566224,
        9.223394202310025,
        9.891638929133336,
        14.422850234179604,
        14.930926744027113,
        14.07886915375418,
        11.416365114904133,
        11.012604752748459,
        11.661574055329318,
        9.345608455579082,
        6.782516975140317,
        13.181230693619646,
        6.907488187820543,
        12.182773902725735,
        13.32272000858378,
        7.437973614493703,
        16.920330000710216,
        9.763152819721626,
        15.663160594381676,
        6.709569584608346,
        10.907461044053214,
        10.634035559503284,
        11.432984805853717,
        11.887118068290853,
        12.10377959432519,
        16.42201231394969,
        10.835668562426454,
        15.228097131561823,
        14.5763190728111,
        9.841946693893483,
        15.684527037710016,
        13.72341788746344,
        15.271146988880774,
        11.230196191188941,
        7.88709047389054,
        12.11653509115326,
        7.322098384996776,
        11.119826377295892,
        11.352962189863351,
        12.910767406804146,
        8.6770051239726,
        11.436909604184757,
        13.121225359240826,
        17.054174129624176,
        8.480988457933007,
        7.43784455498193,
        10.60278428421335,
        11.585049680151016,
        6.548514814658903,
        15.251151149012385,
        7.923721673423455,
        7.743966859520046,
        14.36419801224588,
        16.72667258938402,
        9.20146824573391,
        15.960560804702766,
        10.549775206035617,
        14.571298235606891,
        15.575134057805972,
        14.84247735543178,
        11.420424176822568,
        7.2374968404552655,
        8.246081780484925,
        15.744453328208388,
        4.596720494051716,
        12.535656375599151,
        10.168010650644517,
        8.05337750661637,
        13.216035281652264,
        9.031439178165932,
        13.418503535845469,
        18.331200523820375,
        10.084519670800542,
        11.123337535682134,
        16.95200711258348,
        12.86822315108949,
        11.090481796768065,
        13.221841632012406,
        6.457071124225985,
        7.35752749121997,
        10.514638318190489,
        8.118215725267602,
        14.928591281304211,
        12.652156922321995,
        13.401199809083288,
        16.791966709337487,
        8.224784010295329,
        5.50461966286136,
        13.221860348567553,
        13.692384884490584,
        11.04935887310524,
        14.64262210649501,
        7.240360934591475,
        14.436548433978368,
        13.917460082256731,
        5.335150073714615,
        15.47759421024972,
        13.685814728410444,
        9.099275582364793,
        12.353994691555842,
        12.975954111171388,
        11.037346270515885,
        10.86423660778457,
        8.375183148159861,
        6.935785109873104,
        15.894931503019833,
        10.152092518769521,
        12.025746614574627,
        6.318672189674412,
        8.536754385614989,
        7.399820819036505,
        13.315034302489627,
        11.49653089207773,
        13.148865697876161,
        12.763424720608256,
        4.919725226265128,
        10.424511040206067,
        5.816020565081618,
        14.626247080424832,
        15.34952056457767,
        11.616338319459,
        6.113815118202913,
        10.397244348189183,
        12.790490259365129,
        13.05576558149199
      ]
    }
  },
  "dataset_info": {
    "total_samples": 1044,
    "training_samples": 835,
    "test_samples": 209,
    "features_count": 48,
    "feature_names": [
      "school_encoded",
      "sex_encoded",
      "age",
      "address_encoded",
      "famsize_encoded",
      "Pstatus_encoded",
      "Medu",
      "Fedu",
      "Mjob_encoded",
      "Fjob_encoded",
      "reason_encoded",
      "guardian_encoded",
      "traveltime",
      "studytime",
      "failures",
      "schoolsup_encoded",
      "famsup_encoded",
      "paid_encoded",
      "activities_encoded",
      "nursery_encoded",
      "higher_encoded",
      "internet_encoded",
      "romantic_encoded",
      "famrel",
      "freetime",
      "goout",
      "Dalc",
      "Walc",
      "health",
      "absences",
      "G1",
      "G2",
      "subject_encoded",
      "total_study_time",
      "parent_education_avg",
      "grade_trend",
      "attendance_ratio",
      "support_index",
      "family_quality",
      "social_factor",
      "motivation_score",
      "study_health_interaction",
      "family_support_interaction",
      "age_failures_interaction",
      "social_academic_balance",
      "absences_log",
      "g1_g2_ratio",
      "study_absence_ratio"
    ],
    "target_statistics": {
      "mean": 11.37125748502994,
      "std": 3.875600081893517,
      "min": 0,
      "max": 20
    }
  }
}